source,Target,Weight
Afghanistan,Armenia,5
Afghanistan,Australia,436
Afghanistan,Austria,3137
Afghanistan,Azerbaijan,517
Afghanistan,Belarus,11
Afghanistan,Belgium,3104
Afghanistan,Bosnia and Herzegovina,37
Afghanistan,Bulgaria,1736
Afghanistan,Canada,226
Afghanistan,Croatia,803
Afghanistan,Cyprus,14
Afghanistan,Czechia,12
Afghanistan,Denmark,115
Afghanistan,Egypt,14
Afghanistan,Finland,364
Afghanistan,France,13063
Afghanistan,Germany,11311
Afghanistan,Greece,13271
Afghanistan,Hungary,25
Afghanistan,Iceland,55
Afghanistan,India,1286
Afghanistan,Indonesia,40
Afghanistan,Iraq,8
Afghanistan,Ireland,72
Afghanistan,Italy,638
Afghanistan,Kazakhstan,144
Afghanistan,Kyrgyzstan,46
Afghanistan,Latvia,8
Afghanistan,Libya,5
Afghanistan,Lithuania,9
Afghanistan,Luxembourg,94
Afghanistan,Malaysia,265
Afghanistan,Montenegro,25
Afghanistan,Netherlands,571
Afghanistan,New Zealand,13
Afghanistan,North Macedonia,47
Afghanistan,Norway,135
Afghanistan,Pakistan,1285
Afghanistan,Peru,5
Afghanistan,Poland,124
Afghanistan,Portugal,30
Afghanistan,Rep. of Korea,8
Afghanistan,Romania,2386
Afghanistan,Russian Federation,572
Afghanistan,Serbia and Kosovo: S/RES/1244 (1999),66
Afghanistan,Slovakia,50
Afghanistan,Slovenia,754
Afghanistan,Spain,32
Afghanistan,Sri Lanka,19
Afghanistan,Sweden,1210
Afghanistan,Switzerland,1681
Afghanistan,Syrian Arab Rep.,9
Afghanistan,Tajikistan,1090
Afghanistan,Thailand,36
Afghanistan,Turkey,22606
Afghanistan,Ukraine,215
Afghanistan,United Kingdom of Great Britain and Northern Ireland,1871
Afghanistan,United States of America,140
Afghanistan,Uruguay,5
Albania,Australia,32
Albania,Austria,26
Albania,Belgium,447
Albania,Canada,66
Albania,Denmark,18
Albania,France,5075
Albania,Germany,1220
Albania,Greece,2563
Albania,Iceland,15
Albania,Ireland,194
Albania,Italy,445
Albania,Liechtenstein,5
Albania,Luxembourg,24
Albania,Netherlands,89
Albania,Norway,36
Albania,Romania,7
Albania,Spain,50
Albania,Sweden,534
Albania,Switzerland,54
Albania,United Kingdom of Great Britain and Northern Ireland,3418
Albania,United States of America,391
Algeria,Austria,388
Algeria,Belgium,99
Algeria,Bosnia and Herzegovina,6
Algeria,Brazil,10
Algeria,Bulgaria,38
Algeria,Canada,257
Algeria,Croatia,23
Algeria,Czechia,11
Algeria,Denmark,51
Algeria,Finland,6
Algeria,France,2674
Algeria,Germany,1484
Algeria,Greece,463
Algeria,Iceland,5
Algeria,Ireland,105
Algeria,Italy,116
Algeria,Lebanon,6
Algeria,Luxembourg,41
Algeria,Malta,11
Algeria,Montenegro,103
Algeria,Morocco,6
Algeria,Netherlands,1062
Algeria,Norway,11
Algeria,Poland,13
Algeria,Portugal,7
Algeria,Rep. of Korea,69
Algeria,Romania,135
Algeria,Serbia and Kosovo: S/RES/1244 (1999),69
Algeria,Slovakia,25
Algeria,Slovenia,313
Algeria,South Africa,19
Algeria,Spain,773
Algeria,Sweden,122
Algeria,Switzerland,988
Algeria,Tunisia,5
Algeria,Ukraine,5
Algeria,United Kingdom of Great Britain and Northern Ireland,192
Algeria,United States of America,86
Angola,Austria,5
Angola,Belgium,99
Angola,Brazil,266
Angola,Canada,305
Angola,Dem. Rep. of the Congo,9
Angola,Finland,5
Angola,France,2346
Angola,Germany,219
Angola,Greece,46
Angola,Ireland,10
Angola,Italy,6
Angola,Mexico,58
Angola,Morocco,5
Angola,Netherlands,12
Angola,Norway,21
Angola,Peru,5
Angola,Poland,5
Angola,Portugal,117
Angola,Rep. of Korea,9
Angola,Spain,24
Angola,Sweden,35
Angola,Switzerland,83
Angola,Ukraine,5
Angola,United Kingdom of Great Britain and Northern Ireland,68
Angola,United States of America,559
Anguilla,Peru,5
Antigua and Barbuda,United Kingdom of Great Britain and Northern Ireland,7
Argentina,Australia,13
Argentina,Brazil,20
Argentina,France,11
Argentina,Germany,11
Argentina,Israel,5
Argentina,Italy,17
Argentina,Mexico,50
Argentina,Netherlands,5
Argentina,New Zealand,5
Argentina,Peru,5
Argentina,Spain,411
Argentina,Sweden,6
Argentina,United Kingdom of Great Britain and Northern Ireland,14
Argentina,United States of America,76
Argentina,Uruguay,5
Armenia,Argentina,10
Armenia,Austria,39
Armenia,Belarus,8
Armenia,Belgium,108
Armenia,Czechia,37
Armenia,Denmark,19
Armenia,France,2200
Armenia,Germany,567
Armenia,Greece,58
Armenia,Israel,6
Armenia,Italy,16
Armenia,Lithuania,5
Armenia,Netherlands,33
Armenia,Poland,30
Armenia,Rep. of Moldova,10
Armenia,Russian Federation,22
Armenia,Spain,68
Armenia,Sweden,193
Armenia,Switzerland,24
Armenia,Ukraine,5
Armenia,United Kingdom of Great Britain and Northern Ireland,5
Armenia,United States of America,738
Australia,Sweden,10
Azerbaijan,Armenia,5
Azerbaijan,Australia,7
Azerbaijan,Austria,15
Azerbaijan,Belarus,5
Azerbaijan,Belgium,34
Azerbaijan,Canada,10
Azerbaijan,Czechia,41
Azerbaijan,Denmark,5
Azerbaijan,Finland,7
Azerbaijan,France,600
Azerbaijan,Georgia,5
Azerbaijan,Germany,748
Azerbaijan,Iceland,12
Azerbaijan,Israel,9
Azerbaijan,Italy,57
Azerbaijan,Latvia,11
Azerbaijan,Netherlands,141
Azerbaijan,Norway,5
Azerbaijan,Poland,34
Azerbaijan,Rep. of Korea,5
Azerbaijan,Russian Federation,22
Azerbaijan,Slovenia,5
Azerbaijan,Spain,15
Azerbaijan,Sweden,467
Azerbaijan,Switzerland,11
Azerbaijan,Ukraine,15
Azerbaijan,United Kingdom of Great Britain and Northern Ireland,19
Azerbaijan,United States of America,174
Bahamas,Canada,266
Bahamas,United States of America,39
Bahrain,Germany,10
Bahrain,Ireland,6
Bahrain,Netherlands,5
Bahrain,Sweden,5
Bahrain,United Kingdom of Great Britain and Northern Ireland,9
Bahrain,United States of America,10
Bangladesh,Argentina,10
Bangladesh,Australia,664
Bangladesh,Austria,228
Bangladesh,Belgium,18
Bangladesh,Bosnia and Herzegovina,5
Bangladesh,Brazil,260
Bangladesh,Bulgaria,21
Bangladesh,Canada,275
Bangladesh,Croatia,17
Bangladesh,Cyprus,571
Bangladesh,Czechia,7
Bangladesh,Denmark,14
Bangladesh,Finland,6
Bangladesh,France,9316
Bangladesh,Georgia,36
Bangladesh,Germany,189
Bangladesh,Greece,2490
Bangladesh,Hungary,5
Bangladesh,Iceland,5
Bangladesh,Indonesia,5
Bangladesh,Ireland,54
Bangladesh,Italy,2727
Bangladesh,Latvia,5
Bangladesh,Lebanon,30
Bangladesh,Malta,260
Bangladesh,Mexico,22
Bangladesh,Morocco,30
Bangladesh,Netherlands,26
Bangladesh,New Zealand,7
Bangladesh,Poland,10
Bangladesh,Portugal,10
Bangladesh,Rep. of Korea,435
Bangladesh,Romania,137
Bangladesh,Slovakia,16
Bangladesh,Slovenia,150
Bangladesh,South Africa,323
Bangladesh,Spain,180
Bangladesh,Sweden,328
Bangladesh,Switzerland,5
Bangladesh,Tunisia,8
Bangladesh,Ukraine,19
Bangladesh,United Kingdom of Great Britain and Northern Ireland,1148
Bangladesh,United States of America,1340
Bangladesh,Uruguay,89
Barbados,Canada,34
Barbados,United Kingdom of Great Britain and Northern Ireland,6
Belarus,Austria,24
Belarus,Belgium,72
Belarus,Czechia,65
Belarus,Denmark,15
Belarus,Finland,9
Belarus,France,132
Belarus,Germany,167
Belarus,Greece,5
Belarus,Iceland,6
Belarus,Ireland,5
Belarus,Israel,165
Belarus,Italy,25
Belarus,Latvia,44
Belarus,Lithuania,81
Belarus,Luxembourg,12
Belarus,Netherlands,89
Belarus,Norway,5
Belarus,Poland,412
Belarus,Spain,42
Belarus,Sweden,162
Belarus,Switzerland,35
Belarus,Ukraine,28
Belarus,United Kingdom of Great Britain and Northern Ireland,26
Belarus,United States of America,416
Belgium,Germany,5
Belgium,Russian Federation,39
Belgium,United States of America,5
Belize,Mexico,10
Belize,United States of America,65
Benin,Algeria,46
Benin,Austria,5
Benin,Belgium,18
Benin,Brazil,18
Benin,Burkina Faso,6
Benin,France,210
Benin,Germany,86
Benin,Italy,25
Benin,Luxembourg,5
Benin,Mexico,6
Benin,Netherlands,5
Benin,Spain,5
Benin,Switzerland,10
Benin,Togo,9
Benin,Tunisia,5
Benin,United Kingdom of Great Britain and Northern Ireland,18
Benin,United States of America,71
Bhutan,Australia,5
Bhutan,United States of America,35
Bolivia (Plurinational State of),Argentina,65
Bolivia (Plurinational State of),Brazil,29
Bolivia (Plurinational State of),France,5
Bolivia (Plurinational State of),Ireland,19
Bolivia (Plurinational State of),Italy,7
Bolivia (Plurinational State of),Mexico,10
Bolivia (Plurinational State of),Paraguay,5
Bolivia (Plurinational State of),Peru,5
Bolivia (Plurinational State of),Spain,122
Bolivia (Plurinational State of),Sweden,28
Bolivia (Plurinational State of),United Kingdom of Great Britain and Northern Ireland,16
Bolivia (Plurinational State of),United States of America,65
Bosnia and Herzegovina,Austria,11
Bosnia and Herzegovina,Belgium,34
Bosnia and Herzegovina,Canada,5
Bosnia and Herzegovina,France,941
Bosnia and Herzegovina,Germany,401
Bosnia and Herzegovina,Italy,46
Bosnia and Herzegovina,Netherlands,16
Bosnia and Herzegovina,Slovenia,5
Bosnia and Herzegovina,Sweden,87
Bosnia and Herzegovina,Switzerland,24
Bosnia and Herzegovina,United States of America,41
Botswana,Ireland,12
Botswana,United Kingdom of Great Britain and Northern Ireland,36
Brazil,Argentina,5
Brazil,Australia,82
Brazil,Belgium,429
Brazil,Canada,180
Brazil,Costa Rica,5
Brazil,Denmark,5
Brazil,France,69
Brazil,Germany,23
Brazil,Greece,5
Brazil,Ireland,119
Brazil,Italy,211
Brazil,Mexico,372
Brazil,Netherlands,19
Brazil,New Zealand,6
Brazil,Portugal,7
Brazil,Rep. of Korea,15
Brazil,Spain,801
Brazil,Sweden,28
Brazil,Switzerland,8
Brazil,United Kingdom of Great Britain and Northern Ireland,226
Brazil,United States of America,4986
Brazil,Uruguay,5
Brunei Darussalam,Australia,5
Bulgaria,Belgium,5
Bulgaria,Germany,7
Bulgaria,Poland,5
Bulgaria,United States of America,38
Burkina Faso,Algeria,5
Burkina Faso,Belgium,30
Burkina Faso,Brazil,16
Burkina Faso,Cameroon,12
Burkina Faso,Canada,31
Burkina Faso,Costa Rica,5
Burkina Faso,Cote d'Ivoire,5
Burkina Faso,France,304
Burkina Faso,Germany,84
Burkina Faso,Greece,28
Burkina Faso,Italy,90
Burkina Faso,Liberia,5
Burkina Faso,Libya,5
Burkina Faso,Malta,10
Burkina Faso,Mauritania,14
Burkina Faso,Mexico,15
Burkina Faso,Morocco,17
Burkina Faso,Netherlands,13
Burkina Faso,Rep. of Korea,6
Burkina Faso,Spain,47
Burkina Faso,Sweden,10
Burkina Faso,Switzerland,6
Burkina Faso,Tunisia,36
Burkina Faso,United Kingdom of Great Britain and Northern Ireland,5
Burkina Faso,United States of America,212
Burundi,Australia,5
Burundi,Belgium,332
Burundi,Canada,115
Burundi,Comoros,14
Burundi,Costa Rica,6
Burundi,Cyprus,5
Burundi,Egypt,13
Burundi,Eswatini,14
Burundi,Ethiopia,6
Burundi,France,458
Burundi,Germany,15
Burundi,Greece,22
Burundi,Italy,5
Burundi,Kenya,1559
Burundi,Malawi,851
Burundi,Morocco,5
Burundi,Mozambique,393
Burundi,Namibia,53
Burundi,Netherlands,13
Burundi,Rep. of Korea,6
Burundi,Rwanda,5
Burundi,Serbia and Kosovo: S/RES/1244 (1999),17
Burundi,South Africa,234
Burundi,South Sudan,60
Burundi,Sweden,55
Burundi,Switzerland,34
Burundi,Tunisia,7
Burundi,Uganda,3726
Burundi,United Kingdom of Great Britain and Northern Ireland,12
Burundi,United Rep. of Tanzania,7
Burundi,United States of America,64
Burundi,Zambia,1348
Burundi,Zimbabwe,34
Cabo Verde,Brazil,17
Cabo Verde,United States of America,5
Cambodia,Australia,151
Cambodia,Bahamas,6
Cambodia,Canada,14
Cambodia,France,69
Cambodia,Germany,6
Cambodia,Malaysia,5
Cambodia,Rep. of Korea,27
Cambodia,Switzerland,5
Cambodia,Thailand,85
Cambodia,United States of America,32
Cameroon,Algeria,189
Cameroon,Australia,13
Cameroon,Austria,23
Cameroon,Belarus,8
Cameroon,Belgium,341
Cameroon,Benin,17
Cameroon,Bosnia and Herzegovina,8
Cameroon,Brazil,22
Cameroon,Canada,144
Cameroon,Chad,6
Cameroon,China,168
Cameroon,Congo,5
Cameroon,Cote d'Ivoire,8
Cameroon,Cyprus,628
Cameroon,Dem. Rep. of the Congo,5
Cameroon,Denmark,10
Cameroon,Egypt,5
Cameroon,Eswatini,5
Cameroon,Finland,41
Cameroon,France,1454
Cameroon,Georgia,6
Cameroon,Germany,516
Cameroon,Ghana,96
Cameroon,Greece,589
Cameroon,Guyana,5
Cameroon,India,23
Cameroon,Indonesia,12
Cameroon,Ireland,15
Cameroon,Israel,5
Cameroon,Italy,202
Cameroon,Kenya,5
Cameroon,Lebanon,11
Cameroon,Luxembourg,21
Cameroon,Malaysia,5
Cameroon,Malta,44
Cameroon,Mauritania,47
Cameroon,Mexico,50
Cameroon,Morocco,491
Cameroon,Namibia,7
Cameroon,Netherlands,41
Cameroon,Niger,83
Cameroon,Nigeria,243
Cameroon,Norway,15
Cameroon,Philippines,13
Cameroon,Poland,5
Cameroon,Portugal,16
Cameroon,Rep. of Korea,62
Cameroon,Romania,35
Cameroon,Russian Federation,13
Cameroon,South Africa,47
Cameroon,Spain,67
Cameroon,Sweden,262
Cameroon,Switzerland,47
Cameroon,Thailand,13
Cameroon,Togo,12
Cameroon,Tunisia,168
Cameroon,Ukraine,30
Cameroon,United Kingdom of Great Britain and Northern Ireland,164
Cameroon,United States of America,1839
Cameroon,Uruguay,5
Cameroon,Zambia,16
Canada,Spain,7
Canada,Sweden,5
Canada,United Kingdom of Great Britain and Northern Ireland,11
Canada,United States of America,11
Central African Rep.,Algeria,26
Central African Rep.,Belgium,13
Central African Rep.,Benin,17
Central African Rep.,Burkina Faso,15
Central African Rep.,Cameroon,1105
Central African Rep.,Chad,855
Central African Rep.,Congo,195
Central African Rep.,Cote d'Ivoire,71
Central African Rep.,France,579
Central African Rep.,Germany,6
Central African Rep.,Ghana,15
Central African Rep.,Italy,5
Central African Rep.,Libya,5
Central African Rep.,Mali,15
Central African Rep.,Mauritania,60
Central African Rep.,Morocco,190
Central African Rep.,Mozambique,7
Central African Rep.,Niger,29
Central African Rep.,Nigeria,413
Central African Rep.,Senegal,62
Central African Rep.,Spain,8
Central African Rep.,Togo,129
Central African Rep.,Tunisia,13
Central African Rep.,United Kingdom of Great Britain and Northern Ireland,5
Central African Rep.,United States of America,13
Central African Rep.,Zambia,5
Chad,Algeria,15
Chad,Belgium,22
Chad,Cameroon,102
Chad,Canada,65
Chad,Cote d'Ivoire,5
Chad,Dem. Rep. of the Congo,5
Chad,Egypt,15
Chad,France,1252
Chad,Germany,51
Chad,Ghana,7
Chad,Italy,32
Chad,Libya,21
Chad,Luxembourg,5
Chad,Malta,27
Chad,Mauritania,5
Chad,Morocco,10
Chad,Netherlands,11
Chad,Niger,637
Chad,Nigeria,5
Chad,Philippines,5
Chad,Spain,5
Chad,Switzerland,35
Chad,Tunisia,13
Chad,United Kingdom of Great Britain and Northern Ireland,149
Chad,United States of America,34
Chile,Australia,36
Chile,Belgium,10
Chile,Brazil,15
Chile,Canada,138
Chile,Costa Rica,7
Chile,Denmark,5
Chile,France,23
Chile,Germany,5
Chile,Iceland,5
Chile,Italy,17
Chile,Lithuania,5
Chile,Mexico,808
Chile,Netherlands,5
Chile,New Zealand,5
Chile,Peru,5
Chile,Poland,5
Chile,Rep. of Korea,5
Chile,Spain,189
Chile,Sweden,136
Chile,United Kingdom of Great Britain and Northern Ireland,9
Chile,United States of America,238
Chile,Uruguay,5
China,Australia,5431
China,Austria,96
China,Belgium,73
China,Brazil,536
China,Bulgaria,5
China,Canada,544
China,Costa Rica,60
China,Croatia,5
China,Czechia,10
China,Denmark,5
China,Egypt,5
China,Finland,15
China,France,1430
China,Georgia,7
China,Germany,340
China,Greece,129
China,Iceland,5
China,Ireland,39
China,Israel,88
China,Italy,152
China,Latvia,5
China,Liechtenstein,5
China,Mexico,17
China,Netherlands,71
China,New Zealand,60
China,Norway,27
China,Poland,5
China,Portugal,5
China,Rep. of Korea,311
China,Romania,7
China,Russian Federation,901
China,Serbia and Kosovo: S/RES/1244 (1999),5
China,Slovakia,5
China,Spain,77
China,Sweden,51
China,Switzerland,130
China,Thailand,18
China,Trinidad and Tobago,48
China,United Kingdom of Great Britain and Northern Ireland,920
China,United States of America,12575
"China, Hong Kong SAR",Australia,188
"China, Hong Kong SAR",New Zealand,5
"China, Hong Kong SAR",United Kingdom of Great Britain and Northern Ireland,76
"China, Hong Kong SAR",United States of America,42
Colombia,Argentina,44
Colombia,Australia,118
Colombia,Austria,16
Colombia,Belgium,203
Colombia,Bolivia (Plurinational State of),22
Colombia,Brazil,161
Colombia,Canada,1256
Colombia,Chile,670
Colombia,Costa Rica,397
Colombia,Curacao ,5
Colombia,Denmark,16
Colombia,Dominican Rep.,5
Colombia,Ecuador,1749
Colombia,Finland,17
Colombia,France,599
Colombia,Germany,378
Colombia,Guatemala,5
Colombia,Iceland,16
Colombia,Israel,85
Colombia,Italy,538
Colombia,Latvia,6
Colombia,Luxembourg,13
Colombia,Malta,26
Colombia,Mexico,501
Colombia,Netherlands,113
Colombia,New Zealand,12
Colombia,Norway,44
Colombia,Panama,87
Colombia,Paraguay,22
Colombia,Peru,425
Colombia,Portugal,5
Colombia,Rep. of Korea,7
Colombia,Spain,27576
Colombia,Sweden,469
Colombia,Switzerland,342
Colombia,Trinidad and Tobago,7
Colombia,United Kingdom of Great Britain and Northern Ireland,13
Colombia,United States of America,4855
Colombia,Uruguay,36
Colombia,Venezuela (Bolivarian Republic of),598
Comoros,Cyprus,5
Comoros,France,2196
Comoros,Greece,5
Comoros,Madagascar,5
Comoros,Mozambique,156
Comoros,Netherlands,5
Comoros,Portugal,5
Comoros,Romania,5
Comoros,Spain,5
Comoros,Tunisia,5
Congo,Australia,10
Congo,Austria,7
Congo,Belgium,31
Congo,Benin,5
Congo,Brazil,28
Congo,Canada,36
Congo,Cote d'Ivoire,17
Congo,Cyprus,30
Congo,Dem. Rep. of the Congo,6
Congo,Egypt,5
Congo,Eswatini,12
Congo,France,1179
Congo,Germany,29
Congo,Greece,89
Congo,India,14
Congo,Italy,15
Congo,Kenya,5
Congo,Libya,7
Congo,Mexico,48
Congo,Morocco,21
Congo,Netherlands,23
Congo,Niger,6
Congo,Philippines,8
Congo,Poland,5
Congo,Portugal,5
Congo,Romania,5
Congo,Russian Federation,5
Congo,Senegal,5
Congo,South Africa,13
Congo,Spain,5
Congo,Sweden,31
Congo,Switzerland,5
Congo,Togo,10
Congo,Tunisia,7
Congo,Ukraine,5
Congo,United Kingdom of Great Britain and Northern Ireland,28
Congo,United States of America,456
Congo,Zambia,9
Costa Rica,Germany,5
Costa Rica,Mexico,30
Costa Rica,Spain,35
Costa Rica,United States of America,124
Cote d'Ivoire,Algeria,119
Cote d'Ivoire,Austria,5
Cote d'Ivoire,Belgium,116
Cote d'Ivoire,Benin,9
Cote d'Ivoire,Brazil,13
Cote d'Ivoire,Cameroon,14
Cote d'Ivoire,Canada,38
Cote d'Ivoire,China,6
Cote d'Ivoire,Cyprus,21
Cote d'Ivoire,Denmark,5
Cote d'Ivoire,Finland,5
Cote d'Ivoire,France,7762
Cote d'Ivoire,Germany,344
Cote d'Ivoire,Ghana,586
Cote d'Ivoire,Greece,49
Cote d'Ivoire,Guinea,608
Cote d'Ivoire,Honduras,5
Cote d'Ivoire,Iceland,5
Cote d'Ivoire,India,42
Cote d'Ivoire,Italy,622
Cote d'Ivoire,Liberia,10643
Cote d'Ivoire,Libya,5
Cote d'Ivoire,Luxembourg,15
Cote d'Ivoire,Malta,115
Cote d'Ivoire,Mauritania,97
Cote d'Ivoire,Mexico,15
Cote d'Ivoire,Morocco,387
Cote d'Ivoire,Netherlands,34
Cote d'Ivoire,Niger,10
Cote d'Ivoire,Nigeria,6
Cote d'Ivoire,Norway,10
Cote d'Ivoire,Philippines,6
Cote d'Ivoire,Portugal,10
Cote d'Ivoire,Rep. of Korea,13
Cote d'Ivoire,Spain,244
Cote d'Ivoire,Sweden,19
Cote d'Ivoire,Switzerland,34
Cote d'Ivoire,Togo,49
Cote d'Ivoire,Tunisia,1616
Cote d'Ivoire,Ukraine,6
Cote d'Ivoire,United Kingdom of Great Britain and Northern Ireland,46
Cote d'Ivoire,United States of America,197
Croatia,United States of America,5
Cuba,Argentina,73
Cuba,Armenia,12
Cuba,Austria,5
Cuba,Belarus,5
Cuba,Belgium,8
Cuba,Bolivia (Plurinational State of),5
Cuba,Brazil,980
Cuba,Canada,91
Cuba,Cayman Islands,20
Cuba,Chile,531
Cuba,Colombia,57
Cuba,Costa Rica,1688
Cuba,Croatia,5
Cuba,Czechia,24
Cuba,Dominican Rep.,20
Cuba,Ecuador,126
Cuba,Finland,18
Cuba,France,441
Cuba,Germany,41
Cuba,Greece,45
Cuba,Guatemala,16
Cuba,Guyana,21
Cuba,Honduras,5
Cuba,Italy,94
Cuba,Mexico,5758
Cuba,Montenegro,18
Cuba,Netherlands,18
Cuba,Panama,103
Cuba,Paraguay,113
Cuba,Peru,122
Cuba,Poland,8
Cuba,Romania,5
Cuba,Russian Federation,11
Cuba,Spain,1531
Cuba,Suriname,683
Cuba,Sweden,61
Cuba,Switzerland,5
Cuba,Trinidad and Tobago,146
Cuba,United Kingdom of Great Britain and Northern Ireland,18
Cuba,United States of America,9548
Cuba,Uruguay,2215
Czechia,Canada,5
Czechia,Norway,5
Czechia,Switzerland,5
Czechia,United States of America,7
Dem. People's Rep. of Korea,Australia,8
Dem. People's Rep. of Korea,Canada,14
Dem. People's Rep. of Korea,Russian Federation,14
Dem. People's Rep. of Korea,United Kingdom of Great Britain and Northern Ireland,5
Dem. Rep. of the Congo,Algeria,51
Dem. Rep. of the Congo,Austria,41
Dem. Rep. of the Congo,Belgium,424
Dem. Rep. of the Congo,Benin,22
Dem. Rep. of the Congo,Botswana,58
Dem. Rep. of the Congo,Brazil,22
Dem. Rep. of the Congo,Burundi,5585
Dem. Rep. of the Congo,Cameroon,33
Dem. Rep. of the Congo,Canada,418
Dem. Rep. of the Congo,Chad,8
Dem. Rep. of the Congo,China,8
Dem. Rep. of the Congo,Congo,21
Dem. Rep. of the Congo,Costa Rica,9
Dem. Rep. of the Congo,Cote d'Ivoire,14
Dem. Rep. of the Congo,Croatia,5
Dem. Rep. of the Congo,Cyprus,382
Dem. Rep. of the Congo,Denmark,13
Dem. Rep. of the Congo,Djibouti,9
Dem. Rep. of the Congo,Egypt,5
Dem. Rep. of the Congo,Eswatini,36
Dem. Rep. of the Congo,Ethiopia,60
Dem. Rep. of the Congo,Finland,23
Dem. Rep. of the Congo,France,5578
Dem. Rep. of the Congo,Georgia,5
Dem. Rep. of the Congo,Germany,211
Dem. Rep. of the Congo,Ghana,8
Dem. Rep. of the Congo,Greece,2566
Dem. Rep. of the Congo,Guinea,5
Dem. Rep. of the Congo,Iceland,5
Dem. Rep. of the Congo,India,46
Dem. Rep. of the Congo,Ireland,63
Dem. Rep. of the Congo,Israel,5
Dem. Rep. of the Congo,Italy,40
Dem. Rep. of the Congo,Kenya,1411
Dem. Rep. of the Congo,Lebanon,6
Dem. Rep. of the Congo,Lesotho,115
Dem. Rep. of the Congo,Libya,10
Dem. Rep. of the Congo,Luxembourg,5
Dem. Rep. of the Congo,Malawi,1889
Dem. Rep. of the Congo,Malta,7
Dem. Rep. of the Congo,Mauritania,20
Dem. Rep. of the Congo,Mexico,128
Dem. Rep. of the Congo,Morocco,101
Dem. Rep. of the Congo,Mozambique,335
Dem. Rep. of the Congo,Namibia,516
Dem. Rep. of the Congo,Netherlands,15
Dem. Rep. of the Congo,Niger,22
Dem. Rep. of the Congo,Nigeria,41
Dem. Rep. of the Congo,Norway,10
Dem. Rep. of the Congo,Portugal,28
Dem. Rep. of the Congo,Rep. of Korea,6
Dem. Rep. of the Congo,Romania,11
Dem. Rep. of the Congo,Russian Federation,11
Dem. Rep. of the Congo,Rwanda,8
Dem. Rep. of the Congo,Senegal,5
Dem. Rep. of the Congo,Slovenia,5
Dem. Rep. of the Congo,South Africa,685
Dem. Rep. of the Congo,Spain,37
Dem. Rep. of the Congo,Sudan,109
Dem. Rep. of the Congo,Sweden,142
Dem. Rep. of the Congo,Switzerland,98
Dem. Rep. of the Congo,Thailand,5
Dem. Rep. of the Congo,Togo,10
Dem. Rep. of the Congo,Tunisia,47
Dem. Rep. of the Congo,Uganda,8755
Dem. Rep. of the Congo,Ukraine,26
Dem. Rep. of the Congo,United Kingdom of Great Britain and Northern Ireland,65
Dem. Rep. of the Congo,United Rep. of Tanzania,720
Dem. Rep. of the Congo,United States of America,587
Dem. Rep. of the Congo,Zambia,5956
Dem. Rep. of the Congo,Zimbabwe,701
Djibouti,Belgium,33
Djibouti,Canada,7
Djibouti,Egypt,9
Djibouti,France,126
Djibouti,Germany,6
Djibouti,Sweden,29
Djibouti,United States of America,18
Dominica,Mexico,5
Dominica,Peru,5
Dominica,United Kingdom of Great Britain and Northern Ireland,9
Dominica,United States of America,5
Dominican Rep.,Argentina,70
Dominican Rep.,Brazil,31
Dominican Rep.,Canada,40
Dominican Rep.,Costa Rica,26
Dominican Rep.,Ecuador,5
Dominican Rep.,France,208
Dominican Rep.,Germany,5
Dominican Rep.,Greece,11
Dominican Rep.,Italy,11
Dominican Rep.,Mexico,32
Dominican Rep.,Netherlands,5
Dominican Rep.,Peru,15
Dominican Rep.,Spain,81
Dominican Rep.,Trinidad and Tobago,7
Dominican Rep.,United States of America,330
Dominican Rep.,Uruguay,100
Ecuador,Argentina,9
Ecuador,Belgium,5
Ecuador,Bolivia (Plurinational State of),7
Ecuador,Brazil,10
Ecuador,Canada,34
Ecuador,Colombia,5
Ecuador,France,10
Ecuador,Israel,15
Ecuador,Italy,28
Ecuador,Mexico,85
Ecuador,Montenegro,5
Ecuador,Peru,166
Ecuador,Spain,272
Ecuador,Sweden,14
Ecuador,United Kingdom of Great Britain and Northern Ireland,6
Ecuador,United States of America,4605
Ecuador,Uruguay,5
Egypt,Argentina,5
Egypt,Australia,85
Egypt,Austria,183
Egypt,Belgium,55
Egypt,Brazil,57
Egypt,Bulgaria,15
Egypt,Canada,211
Egypt,Croatia,12
Egypt,Cyprus,179
Egypt,Czechia,5
Egypt,Denmark,19
Egypt,Finland,12
Egypt,France,517
Egypt,Georgia,24
Egypt,Germany,499
Egypt,Greece,1204
Egypt,Iceland,15
Egypt,Indonesia,9
Egypt,Iraq,15
Egypt,Ireland,25
Egypt,Italy,374
Egypt,Jordan,8
Egypt,Kenya,8
Egypt,Lebanon,164
Egypt,Luxembourg,5
Egypt,Malaysia,11
Egypt,Malta,39
Egypt,Morocco,9
Egypt,Netherlands,127
Egypt,Nigeria,5
Egypt,Norway,5
Egypt,Philippines,6
Egypt,Poland,21
Egypt,Portugal,10
Egypt,Rep. of Korea,718
Egypt,Romania,104
Egypt,Russian Federation,10
Egypt,Serbia and Kosovo: S/RES/1244 (1999),23
Egypt,Slovakia,5
Egypt,Slovenia,147
Egypt,South Africa,22
Egypt,Spain,164
Egypt,Sweden,542
Egypt,Switzerland,23
Egypt,Tunisia,8
Egypt,Ukraine,7
Egypt,United Kingdom of Great Britain and Northern Ireland,405
Egypt,United States of America,1310
Egypt,Uruguay,5
El Salvador,Argentina,6
El Salvador,Australia,9
El Salvador,Belgium,538
El Salvador,Belize,59
El Salvador,Brazil,10
El Salvador,Canada,93
El Salvador,Costa Rica,418
El Salvador,France,29
El Salvador,Germany,44
El Salvador,Guatemala,140
El Salvador,Honduras,6
El Salvador,Ireland,21
El Salvador,Italy,1049
El Salvador,Mexico,4053
El Salvador,Netherlands,28
El Salvador,Norway,5
El Salvador,Panama,14
El Salvador,Spain,2521
El Salvador,Sweden,265
El Salvador,Switzerland,14
El Salvador,United Kingdom of Great Britain and Northern Ireland,1143
El Salvador,United States of America,24801
Equatorial Guinea,France,15
Equatorial Guinea,Germany,5
Equatorial Guinea,Spain,37
Equatorial Guinea,Sweden,14
Equatorial Guinea,United Kingdom of Great Britain and Northern Ireland,5
Equatorial Guinea,United States of America,27
Eritrea,Angola,15
Eritrea,Australia,7
Eritrea,Austria,48
Eritrea,Belgium,832
Eritrea,Canada,93
Eritrea,Chad,6
Eritrea,Cote d'Ivoire,5
Eritrea,Croatia,14
Eritrea,Denmark,189
Eritrea,Djibouti,37
Eritrea,Egypt,1896
Eritrea,Estonia,5
Eritrea,Ethiopia,94
Eritrea,Finland,20
Eritrea,France,1489
Eritrea,Georgia,5
Eritrea,Germany,2712
Eritrea,Ghana,12
Eritrea,Greece,211
Eritrea,Guinea,6
Eritrea,India,5
Eritrea,Indonesia,6
Eritrea,Ireland,5
Eritrea,Israel,88
Eritrea,Italy,131
Eritrea,Kenya,67
Eritrea,Lebanon,10
Eritrea,Lesotho,29
Eritrea,Libya,664
Eritrea,Luxembourg,188
Eritrea,Malta,226
Eritrea,Mexico,35
Eritrea,Morocco,8
Eritrea,Netherlands,434
Eritrea,Niger,199
Eritrea,Nigeria,8
Eritrea,Norway,244
Eritrea,Philippines,13
Eritrea,Poland,6
Eritrea,Romania,30
Eritrea,Rwanda,87
Eritrea,Saudi Arabia,14
Eritrea,Slovenia,18
Eritrea,Somalia,7
Eritrea,South Africa,27
Eritrea,South Sudan,193
Eritrea,Spain,5
Eritrea,Sudan,5297
Eritrea,Sweden,734
Eritrea,Switzerland,1673
Eritrea,Tunisia,69
Eritrea,Uganda,1911
Eritrea,Ukraine,10
Eritrea,United Kingdom of Great Britain and Northern Ireland,2670
Eritrea,United States of America,315
Eritrea,Yemen,6
Eritrea,Zambia,11
Estonia,Russian Federation,5
Eswatini,Ireland,10
Eswatini,South Africa,5
Eswatini,Sweden,5
Eswatini,United Kingdom of Great Britain and Northern Ireland,5
Ethiopia,Australia,31
Ethiopia,Austria,26
Ethiopia,Belgium,38
Ethiopia,Canada,249
Ethiopia,Chad,5
Ethiopia,Cyprus,5
Ethiopia,Denmark,15
Ethiopia,Djibouti,243
Ethiopia,Egypt,1828
Ethiopia,Eswatini,11
Ethiopia,Finland,18
Ethiopia,France,657
Ethiopia,Germany,1018
Ethiopia,Greece,74
Ethiopia,India,5
Ethiopia,Iraq,5
Ethiopia,Ireland,11
Ethiopia,Israel,43
Ethiopia,Italy,32
Ethiopia,Kenya,772
Ethiopia,Lebanon,361
Ethiopia,Lesotho,18
Ethiopia,Libya,213
Ethiopia,Luxembourg,13
Ethiopia,Malawi,5
Ethiopia,Malta,17
Ethiopia,Mexico,10
Ethiopia,Morocco,5
Ethiopia,Netherlands,57
Ethiopia,Niger,36
Ethiopia,Norway,121
Ethiopia,Rep. of Korea,74
Ethiopia,Romania,29
Ethiopia,Russian Federation,5
Ethiopia,Somalia,1873
Ethiopia,South Africa,447
Ethiopia,South Sudan,17
Ethiopia,Sudan,3802
Ethiopia,Sweden,621
Ethiopia,Switzerland,102
Ethiopia,Thailand,5
Ethiopia,Tunisia,15
Ethiopia,Uganda,280
Ethiopia,United Kingdom of Great Britain and Northern Ireland,508
Ethiopia,United States of America,672
Ethiopia,Yemen,737
Ethiopia,Zambia,5
Fiji,Australia,1375
Fiji,Canada,6
Fiji,New Zealand,18
Fiji,United States of America,69
France,Australia,17
France,Canada,6
France,Philippines,5
France,Switzerland,8
France,United States of America,16
Gabon,Belgium,13
Gabon,France,383
Gabon,Germany,6
Gabon,Greece,12
Gabon,Luxembourg,5
Gabon,Sweden,5
Gabon,Switzerland,5
Gabon,Togo,6
Gabon,United Kingdom of Great Britain and Northern Ireland,9
Gabon,United States of America,51
Gambia,Austria,31
Gambia,Belgium,65
Gambia,Cyprus,10
Gambia,Denmark,15
Gambia,Finland,28
Gambia,France,554
Gambia,Germany,844
Gambia,Greece,261
Gambia,Iceland,5
Gambia,Ireland,5
Gambia,Italy,692
Gambia,Luxembourg,5
Gambia,Malta,63
Gambia,Mauritania,5
Gambia,Morocco,37
Gambia,Netherlands,231
Gambia,Norway,10
Gambia,Portugal,157
Gambia,Rep. of Korea,16
Gambia,Senegal,18
Gambia,Spain,301
Gambia,Sweden,190
Gambia,Switzerland,70
Gambia,Tunisia,6
Gambia,Ukraine,5
Gambia,United Kingdom of Great Britain and Northern Ireland,143
Gambia,United States of America,86
Georgia,Armenia,6
Georgia,Austria,120
Georgia,Belgium,266
Georgia,Bulgaria,5
Georgia,Canada,60
Georgia,Cyprus,242
Georgia,Czechia,144
Georgia,Denmark,47
Georgia,Finland,17
Georgia,France,4498
Georgia,Germany,2526
Georgia,Greece,1399
Georgia,Iceland,6
Georgia,Ireland,210
Georgia,Israel,11
Georgia,Italy,492
Georgia,Latvia,7
Georgia,Luxembourg,13
Georgia,Malta,5
Georgia,Netherlands,177
Georgia,Norway,23
Georgia,Poland,96
Georgia,Russian Federation,36
Georgia,Spain,557
Georgia,Sweden,775
Georgia,Switzerland,207
Georgia,United Kingdom of Great Britain and Northern Ireland,201
Georgia,United States of America,354
Germany,Belgium,5
Germany,Italy,6
Germany,Peru,5
Germany,Russian Federation,5
Germany,Sweden,5
Germany,Switzerland,5
Germany,United Kingdom of Great Britain and Northern Ireland,5
Germany,United States of America,22
Ghana,Algeria,5
Ghana,Argentina,18
Ghana,Australia,40
Ghana,Austria,16
Ghana,Belgium,43
Ghana,Brazil,28
Ghana,Canada,116
Ghana,China,24
Ghana,Cyprus,7
Ghana,Czechia,5
Ghana,Denmark,16
Ghana,Finland,23
Ghana,France,171
Ghana,Georgia,5
Ghana,Germany,599
Ghana,Greece,200
Ghana,Iceland,15
Ghana,India,25
Ghana,Ireland,30
Ghana,Israel,15
Ghana,Italy,411
Ghana,Malta,58
Ghana,Mauritania,5
Ghana,Mexico,105
Ghana,Morocco,5
Ghana,Netherlands,46
Ghana,Norway,8
Ghana,Portugal,16
Ghana,Rep. of Korea,70
Ghana,Romania,5
Ghana,Serbia and Kosovo: S/RES/1244 (1999),12
Ghana,South Africa,52
Ghana,Spain,281
Ghana,Sweden,119
Ghana,Switzerland,15
Ghana,Trinidad and Tobago,7
Ghana,Ukraine,16
Ghana,United Kingdom of Great Britain and Northern Ireland,187
Ghana,United States of America,211
Ghana,Uruguay,5
Greece,Australia,26
Greece,Canada,5
Greece,Sweden,5
Greece,United States of America,8
Grenada,Canada,5
Grenada,United Kingdom of Great Britain and Northern Ireland,26
Guadeloupe,United States of America,27
Guatemala,Belgium,10
Guatemala,Belize,12
Guatemala,Brazil,5
Guatemala,Canada,56
Guatemala,Costa Rica,8
Guatemala,El Salvador,5
Guatemala,France,11
Guatemala,Ireland,10
Guatemala,Italy,17
Guatemala,Mexico,3005
Guatemala,Philippines,5
Guatemala,Spain,463
Guatemala,Sweden,15
Guatemala,United Kingdom of Great Britain and Northern Ireland,11
Guatemala,United States of America,38301
Guinea,Algeria,195
Guinea,Australia,5
Guinea,Austria,13
Guinea,Belgium,656
Guinea,Benin,5
Guinea,Brazil,26
Guinea,Cameroon,49
Guinea,Canada,55
Guinea,Cyprus,114
Guinea,Denmark,5
Guinea,Egypt,11
Guinea,Finland,6
Guinea,France,10434
Guinea,Germany,1511
Guinea,Greece,134
Guinea,India,5
Guinea,Ireland,7
Guinea,Italy,311
Guinea,Luxembourg,41
Guinea,Malaysia,5
Guinea,Malta,81
Guinea,Mauritania,95
Guinea,Mexico,37
Guinea,Morocco,1042
Guinea,Netherlands,134
Guinea,Niger,20
Guinea,Norway,10
Guinea,Panama,5
Guinea,Poland,6
Guinea,Portugal,79
Guinea,Rep. of Korea,37
Guinea,Romania,10
Guinea,Russian Federation,5
Guinea,Senegal,5
Guinea,South Africa,5
Guinea,Spain,374
Guinea,Sweden,21
Guinea,Switzerland,78
Guinea,Tunisia,225
Guinea,Ukraine,13
Guinea,United Kingdom of Great Britain and Northern Ireland,57
Guinea,United States of America,188
Guinea-Bissau,Austria,5
Guinea-Bissau,Belgium,5
Guinea-Bissau,Brazil,55
Guinea-Bissau,France,124
Guinea-Bissau,Germany,81
Guinea-Bissau,Italy,63
Guinea-Bissau,Malta,5
Guinea-Bissau,Mauritania,5
Guinea-Bissau,Morocco,21
Guinea-Bissau,Netherlands,10
Guinea-Bissau,Portugal,92
Guinea-Bissau,Spain,23
Guinea-Bissau,Sweden,7
Guinea-Bissau,Switzerland,5
Guinea-Bissau,United Kingdom of Great Britain and Northern Ireland,6
Guinea-Bissau,United States of America,6
Guyana,Brazil,12
Guyana,Canada,5
Guyana,Mexico,5
Guyana,Trinidad and Tobago,21
Guyana,United Kingdom of Great Britain and Northern Ireland,5
Guyana,United States of America,118
Haiti,Argentina,86
Haiti,Brazil,5342
Haiti,Canada,1506
Haiti,Costa Rica,73
Haiti,Dominican Rep.,31
Haiti,Ecuador,5
Haiti,France,5584
Haiti,Germany,5
Haiti,Greece,41
Haiti,Honduras,5
Haiti,Mexico,5964
Haiti,Panama,10
Haiti,Portugal,5
Haiti,Rep. of Korea,8
Haiti,Romania,6
Haiti,Spain,35
Haiti,Sweden,5
Haiti,Switzerland,5
Haiti,United States of America,7800
Haiti,Uruguay,6
Holy See,Brazil,7
Honduras,Belgium,5
Honduras,Belize,39
Honduras,Canada,114
Honduras,Costa Rica,129
Honduras,El Salvador,7
Honduras,France,26
Honduras,Germany,16
Honduras,Guatemala,207
Honduras,Iceland,5
Honduras,Ireland,5
Honduras,Italy,148
Honduras,Mexico,15469
Honduras,Netherlands,6
Honduras,Panama,5
Honduras,Spain,5536
Honduras,Sweden,39
Honduras,United Kingdom of Great Britain and Northern Ireland,250
Honduras,United States of America,31998
Hungary,Austria,5
Hungary,Canada,118
Hungary,Germany,10
Hungary,United States of America,101
India,Argentina,20
India,Armenia,5
India,Australia,2387
India,Austria,189
India,Azerbaijan,5
India,Belgium,19
India,Brazil,57
India,Canada,2053
India,Costa Rica,5
India,Croatia,6
India,Cyprus,1130
India,Czechia,7
India,Denmark,27
India,Finland,10
India,France,425
India,Georgia,52
India,Germany,343
India,Greece,354
India,Ireland,40
India,Israel,189
India,Italy,212
India,Latvia,5
India,Lebanon,5
India,Malta,5
India,Mexico,17
India,Morocco,5
India,Netherlands,25
India,New Zealand,43
India,Norway,5
India,Poland,19
India,Rep. of Korea,420
India,Romania,65
India,Slovakia,10
India,Slovenia,20
India,South Africa,66
India,Spain,31
India,Sweden,150
India,Switzerland,10
India,Ukraine,10
India,United Kingdom of Great Britain and Northern Ireland,1208
India,United States of America,7178
Indonesia,Australia,1152
Indonesia,Canada,5
Indonesia,Greece,86
Indonesia,Malaysia,32
Indonesia,Netherlands,9
Indonesia,New Zealand,111
Indonesia,Rep. of Korea,15
Indonesia,Sweden,5
Indonesia,United Kingdom of Great Britain and Northern Ireland,41
Indonesia,United States of America,370
Iran (Islamic Rep. of),Argentina,5
Iran (Islamic Rep. of),Armenia,96
Iran (Islamic Rep. of),Australia,1762
Iran (Islamic Rep. of),Austria,381
Iran (Islamic Rep. of),Azerbaijan,5
Iran (Islamic Rep. of),Belgium,254
Iran (Islamic Rep. of),Bosnia and Herzegovina,13
Iran (Islamic Rep. of),Brazil,13
Iran (Islamic Rep. of),Bulgaria,45
Iran (Islamic Rep. of),Canada,733
Iran (Islamic Rep. of),Croatia,83
Iran (Islamic Rep. of),Cyprus,118
Iran (Islamic Rep. of),Czechia,11
Iran (Islamic Rep. of),Denmark,155
Iran (Islamic Rep. of),Ecuador,6
Iran (Islamic Rep. of),Finland,88
Iran (Islamic Rep. of),France,536
Iran (Islamic Rep. of),Georgia,267
Iran (Islamic Rep. of),Germany,4009
Iran (Islamic Rep. of),Greece,1179
Iran (Islamic Rep. of),Hungary,5
Iran (Islamic Rep. of),Iceland,29
Iran (Islamic Rep. of),India,8
Iran (Islamic Rep. of),Indonesia,12
Iran (Islamic Rep. of),Iraq,174
Iran (Islamic Rep. of),Ireland,15
Iran (Islamic Rep. of),Italy,146
Iran (Islamic Rep. of),Latvia,5
Iran (Islamic Rep. of),Lebanon,18
Iran (Islamic Rep. of),Luxembourg,52
Iran (Islamic Rep. of),Malaysia,17
Iran (Islamic Rep. of),Mexico,5
Iran (Islamic Rep. of),Montenegro,30
Iran (Islamic Rep. of),Netherlands,552
Iran (Islamic Rep. of),New Zealand,14
Iran (Islamic Rep. of),Norway,209
Iran (Islamic Rep. of),Pakistan,5
Iran (Islamic Rep. of),Philippines,7
Iran (Islamic Rep. of),Poland,22
Iran (Islamic Rep. of),Portugal,11
Iran (Islamic Rep. of),Rep. of Korea,6
Iran (Islamic Rep. of),Romania,49
Iran (Islamic Rep. of),Russian Federation,11
Iran (Islamic Rep. of),Serbia and Kosovo: S/RES/1244 (1999),53
Iran (Islamic Rep. of),Slovakia,15
Iran (Islamic Rep. of),Slovenia,64
Iran (Islamic Rep. of),Spain,30
Iran (Islamic Rep. of),Sweden,1368
Iran (Islamic Rep. of),Switzerland,310
Iran (Islamic Rep. of),Syrian Arab Rep.,8
Iran (Islamic Rep. of),Thailand,17
Iran (Islamic Rep. of),Turkey,1425
Iran (Islamic Rep. of),Ukraine,11
Iran (Islamic Rep. of),United Kingdom of Great Britain and Northern Ireland,4651
Iran (Islamic Rep. of),United Rep. of Tanzania,5
Iran (Islamic Rep. of),United States of America,346
Iraq,Armenia,9
Iraq,Australia,410
Iraq,Austria,724
Iraq,Azerbaijan,6
Iraq,Belarus,6
Iraq,Belgium,864
Iraq,Bosnia and Herzegovina,72
Iraq,Brazil,13
Iraq,Bulgaria,239
Iraq,Canada,116
Iraq,Croatia,386
Iraq,Cyprus,16
Iraq,Czechia,11
Iraq,Denmark,93
Iraq,Egypt,168
Iraq,Finland,1111
Iraq,France,848
Iraq,Georgia,45
Iraq,Germany,11068
Iraq,Greece,2718
Iraq,Hungary,18
Iraq,Iceland,183
Iraq,India,16
Iraq,Indonesia,5
Iraq,Ireland,21
Iraq,Italy,459
Iraq,Kuwait,7
Iraq,Latvia,5
Iraq,Lebanon,700
Iraq,Libya,34
Iraq,Liechtenstein,6
Iraq,Lithuania,14
Iraq,Luxembourg,70
Iraq,Malaysia,7
Iraq,Montenegro,5
Iraq,Morocco,5
Iraq,Netherlands,511
Iraq,North Macedonia,6
Iraq,Norway,138
Iraq,Philippines,5
Iraq,Poland,48
Iraq,Portugal,6
Iraq,Rep. of Korea,23
Iraq,Romania,433
Iraq,Russian Federation,5
Iraq,Saudi Arabia,8
Iraq,Serbia and Kosovo: S/RES/1244 (1999),131
Iraq,Slovenia,89
Iraq,Spain,49
Iraq,Sweden,1828
Iraq,Switzerland,314
Iraq,Syrian Arab Rep.,109
Iraq,Tunisia,6
Iraq,Turkey,5875
Iraq,Ukraine,11
Iraq,United Arab Emirates,24
Iraq,United Kingdom of Great Britain and Northern Ireland,4183
Iraq,United States of America,529
Ireland,Australia,27
Ireland,New Zealand,5
Ireland,United States of America,5
Israel,Australia,5
Israel,Russian Federation,5
Israel,Spain,5
Israel,Sweden,20
Israel,Switzerland,5
Israel,United Kingdom of Great Britain and Northern Ireland,8
Israel,United States of America,41
Italy,Australia,36
Italy,Brazil,5
Italy,Germany,5
Italy,Russian Federation,5
Italy,Switzerland,7
Italy,United Kingdom of Great Britain and Northern Ireland,5
Italy,United States of America,82
Jamaica,Canada,182
Jamaica,Costa Rica,6
Jamaica,France,5
Jamaica,Germany,10
Jamaica,Netherlands,6
Jamaica,Spain,7
Jamaica,Sweden,8
Jamaica,Switzerland,5
Jamaica,Trinidad and Tobago,55
Jamaica,United Kingdom of Great Britain and Northern Ireland,75
Jamaica,United States of America,312
Japan,Australia,15
Japan,Belgium,5
Japan,Sweden,5
Japan,United Kingdom of Great Britain and Northern Ireland,5
Japan,United States of America,10
Jordan,Australia,43
Jordan,Austria,5
Jordan,Belgium,19
Jordan,Brazil,8
Jordan,Canada,154
Jordan,Cyprus,10
Jordan,Denmark,5
Jordan,Ecuador,5
Jordan,Ethiopia,10
Jordan,Georgia,56
Jordan,Germany,160
Jordan,Greece,14
Jordan,Indonesia,5
Jordan,Ireland,13
Jordan,Italy,8
Jordan,Lebanon,15
Jordan,Morocco,5
Jordan,Netherlands,69
Jordan,Portugal,9
Jordan,Rep. of Korea,12
Jordan,Romania,5
Jordan,Serbia and Kosovo: S/RES/1244 (1999),7
Jordan,Spain,7
Jordan,Sweden,245
Jordan,Switzerland,5
Jordan,United Kingdom of Great Britain and Northern Ireland,97
Jordan,United States of America,571
Kazakhstan,Argentina,5
Kazakhstan,Austria,7
Kazakhstan,Belarus,8
Kazakhstan,Belgium,11
Kazakhstan,Brazil,5
Kazakhstan,Czechia,35
Kazakhstan,France,348
Kazakhstan,Georgia,6
Kazakhstan,Germany,112
Kazakhstan,Israel,5
Kazakhstan,Netherlands,28
Kazakhstan,Poland,33
Kazakhstan,Rep. of Korea,603
Kazakhstan,Russian Federation,26
Kazakhstan,Spain,24
Kazakhstan,Sweden,485
Kazakhstan,Switzerland,7
Kazakhstan,Ukraine,11
Kazakhstan,United Kingdom of Great Britain and Northern Ireland,15
Kazakhstan,United States of America,808
Kenya,Australia,96
Kenya,Belgium,10
Kenya,Brazil,5
Kenya,Canada,112
Kenya,China,31
Kenya,Denmark,5
Kenya,France,46
Kenya,Germany,171
Kenya,Guinea,6
Kenya,India,15
Kenya,Ireland,5
Kenya,Israel,5
Kenya,Italy,5
Kenya,Lebanon,5
Kenya,Netherlands,12
Kenya,Rep. of Korea,29
Kenya,South Africa,11
Kenya,Spain,6
Kenya,Sweden,71
Kenya,Switzerland,5
Kenya,United Kingdom of Great Britain and Northern Ireland,182
Kenya,United States of America,1248
Kuwait,Austria,16
Kuwait,Canada,26
Kuwait,Finland,5
Kuwait,France,226
Kuwait,Germany,19
Kuwait,Greece,17
Kuwait,Iraq,44
Kuwait,Ireland,5
Kuwait,Netherlands,8
Kuwait,Romania,5
Kuwait,Sweden,10
Kuwait,United Kingdom of Great Britain and Northern Ireland,312
Kuwait,United States of America,25
Kyrgyzstan,Austria,8
Kyrgyzstan,Belgium,17
Kyrgyzstan,Cyprus,5
Kyrgyzstan,Czechia,16
Kyrgyzstan,France,65
Kyrgyzstan,Germany,83
Kyrgyzstan,Israel,5
Kyrgyzstan,Italy,39
Kyrgyzstan,Lithuania,6
Kyrgyzstan,Mexico,5
Kyrgyzstan,Norway,6
Kyrgyzstan,Poland,46
Kyrgyzstan,Rep. of Korea,41
Kyrgyzstan,Russian Federation,19
Kyrgyzstan,Sweden,291
Kyrgyzstan,Ukraine,5
Kyrgyzstan,United Kingdom of Great Britain and Northern Ireland,12
Kyrgyzstan,United States of America,475
Lao People's Dem. Rep.,Australia,90
Lao People's Dem. Rep.,France,5
Lao People's Dem. Rep.,Thailand,5
Lao People's Dem. Rep.,United States of America,62
Latvia,Russian Federation,5
Latvia,United Kingdom of Great Britain and Northern Ireland,5
Latvia,United States of America,5
Lebanon,Armenia,23
Lebanon,Australia,367
Lebanon,Austria,27
Lebanon,Belarus,5
Lebanon,Belgium,95
Lebanon,Brazil,102
Lebanon,Bulgaria,11
Lebanon,Canada,195
Lebanon,Cyprus,34
Lebanon,Dem. Rep. of the Congo,5
Lebanon,Denmark,16
Lebanon,Ecuador,5
Lebanon,Finland,5
Lebanon,France,258
Lebanon,Georgia,20
Lebanon,Germany,694
Lebanon,Greece,73
Lebanon,Ireland,5
Lebanon,Italy,26
Lebanon,Jordan,5
Lebanon,Luxembourg,5
Lebanon,Morocco,13
Lebanon,Netherlands,93
Lebanon,Nigeria,11
Lebanon,Norway,5
Lebanon,Philippines,8
Lebanon,Poland,10
Lebanon,Romania,5
Lebanon,Serbia and Kosovo: S/RES/1244 (1999),14
Lebanon,Spain,37
Lebanon,Sweden,365
Lebanon,Switzerland,19
Lebanon,Togo,8
Lebanon,Tunisia,19
Lebanon,Ukraine,11
Lebanon,United Kingdom of Great Britain and Northern Ireland,87
Lebanon,United States of America,315
Liberia,Algeria,19
Liberia,Australia,5
Liberia,Belgium,18
Liberia,Canada,48
Liberia,China,10
Liberia,Cyprus,5
Liberia,France,66
Liberia,Germany,80
Liberia,Guinea,87
Liberia,India,5
Liberia,Italy,24
Liberia,Mauritania,10
Liberia,Morocco,24
Liberia,Netherlands,11
Liberia,Niger,5
Liberia,Rep. of Korea,61
Liberia,Senegal,5
Liberia,Spain,6
Liberia,Sweden,22
Liberia,Togo,6
Liberia,Tunisia,31
Liberia,United Kingdom of Great Britain and Northern Ireland,16
Liberia,United States of America,255
Libya,Algeria,5
Libya,Australia,6
Libya,Austria,96
Libya,Belgium,98
Libya,Brazil,6
Libya,Bulgaria,14
Libya,Canada,95
Libya,Chad,9
Libya,Croatia,5
Libya,Czechia,6
Libya,Denmark,14
Libya,Finland,5
Libya,France,505
Libya,Germany,609
Libya,Greece,58
Libya,Iceland,14
Libya,India,5
Libya,Indonesia,5
Libya,Ireland,12
Libya,Italy,228
Libya,Lebanon,7
Libya,Luxembourg,8
Libya,Malta,47
Libya,Mauritania,16
Libya,Montenegro,5
Libya,Morocco,7
Libya,Netherlands,215
Libya,Norway,12
Libya,Philippines,5
Libya,Poland,6
Libya,Rep. of Korea,35
Libya,Romania,43
Libya,Serbia and Kosovo: S/RES/1244 (1999),94
Libya,Slovakia,11
Libya,Slovenia,14
Libya,Spain,23
Libya,Sweden,82
Libya,Switzerland,137
Libya,Tunisia,122
Libya,United Kingdom of Great Britain and Northern Ireland,595
Libya,United States of America,119
Liechtenstein,Italy,6
Lithuania,Germany,5
Lithuania,Russian Federation,5
Lithuania,United States of America,5
Madagascar,France,183
Madagascar,Lebanon,5
Malawi,Germany,5
Malawi,Ireland,79
Malawi,Israel,13
Malawi,South Africa,82
Malawi,United Kingdom of Great Britain and Northern Ireland,38
Malawi,United States of America,35
Malaysia,Australia,7837
Malaysia,France,5
Malaysia,Germany,8
Malaysia,Ireland,5
Malaysia,Italy,5
Malaysia,New Zealand,38
Malaysia,Norway,5
Malaysia,Philippines,5
Malaysia,Rep. of Korea,452
Malaysia,Sweden,10
Malaysia,United Kingdom of Great Britain and Northern Ireland,150
Malaysia,United States of America,62
Maldives,Australia,11
Maldives,United Kingdom of Great Britain and Northern Ireland,6
Mali,Algeria,153
Mali,Austria,9
Mali,Belgium,39
Mali,Benin,5
Mali,Brazil,18
Mali,Cameroon,91
Mali,Denmark,5
Mali,Egypt,5
Mali,France,4190
Mali,Germany,197
Mali,Greece,83
Mali,Italy,595
Mali,Libya,25
Mali,Luxembourg,5
Mali,Malta,67
Mali,Mauritania,1783
Mali,Mexico,7
Mali,Morocco,406
Mali,Netherlands,26
Mali,Niger,37
Mali,Nigeria,9
Mali,Portugal,25
Mali,Rep. of Korea,26
Mali,Senegal,5
Mali,Spain,1537
Mali,Sweden,12
Mali,Switzerland,7
Mali,Togo,19
Mali,Tunisia,49
Mali,United Kingdom of Great Britain and Northern Ireland,46
Mali,United States of America,99
Mali,Zimbabwe,22
Mauritania,Belgium,88
Mauritania,Brazil,21
Mauritania,France,2270
Mauritania,Germany,29
Mauritania,Greece,10
Mauritania,Mexico,22
Mauritania,Morocco,5
Mauritania,Netherlands,11
Mauritania,Portugal,5
Mauritania,Senegal,5
Mauritania,Spain,42
Mauritania,Tunisia,6
Mauritania,United Kingdom of Great Britain and Northern Ireland,7
Mauritania,United States of America,287
Mauritius,Australia,40
Mauritius,France,13
Mauritius,Ireland,12
Mauritius,Italy,17
Mauritius,Portugal,5
Mauritius,United Kingdom of Great Britain and Northern Ireland,38
Mexico,Australia,5
Mexico,Brazil,7
Mexico,Canada,2719
Mexico,Costa Rica,5
Mexico,France,19
Mexico,Germany,14
Mexico,Guatemala,7
Mexico,Israel,8
Mexico,Italy,9
Mexico,Netherlands,7
Mexico,Norway,10
Mexico,Peru,7
Mexico,Spain,111
Mexico,United Kingdom of Great Britain and Northern Ireland,39
Mexico,United States of America,21008
Micronesia (Federated States of),United States of America,6
Mongolia,Australia,160
Mongolia,Austria,32
Mongolia,Belarus,10
Mongolia,Belgium,5
Mongolia,Brazil,5
Mongolia,Czechia,10
Mongolia,Denmark,5
Mongolia,France,269
Mongolia,Germany,129
Mongolia,Netherlands,13
Mongolia,Poland,5
Mongolia,Rep. of Korea,86
Mongolia,Spain,8
Mongolia,Sweden,781
Mongolia,Switzerland,21
Mongolia,United Kingdom of Great Britain and Northern Ireland,30
Mongolia,United States of America,251
Montenegro,Belgium,5
Montenegro,Germany,151
Montenegro,Israel,10
Montenegro,Sweden,13
Montenegro,United States of America,130
Morocco,Argentina,5
Morocco,Australia,10
Morocco,Austria,745
Morocco,Belgium,166
Morocco,Bosnia and Herzegovina,17
Morocco,Brazil,78
Morocco,Bulgaria,114
Morocco,Canada,30
Morocco,China,5
Morocco,Croatia,57
Morocco,Czechia,6
Morocco,Denmark,114
Morocco,Finland,21
Morocco,France,768
Morocco,Germany,1117
Morocco,Greece,332
Morocco,Iceland,8
Morocco,Ireland,45
Morocco,Italy,490
Morocco,Lebanon,5
Morocco,Luxembourg,31
Morocco,Malta,120
Morocco,Mexico,5
Morocco,Montenegro,276
Morocco,Netherlands,847
Morocco,North Macedonia,15
Morocco,Norway,23
Morocco,Poland,7
Morocco,Portugal,85
Morocco,Rep. of Korea,173
Morocco,Romania,232
Morocco,Serbia and Kosovo: S/RES/1244 (1999),183
Morocco,Slovakia,41
Morocco,Slovenia,1231
Morocco,Spain,1108
Morocco,Sweden,371
Morocco,Switzerland,400
Morocco,Syrian Arab Rep.,5
Morocco,United Kingdom of Great Britain and Northern Ireland,178
Morocco,United States of America,49
Morocco,Uruguay,8
Mozambique,Belgium,7
Mozambique,Brazil,13
Mozambique,Germany,5
Mozambique,South Africa,8
Mozambique,Sweden,14
Mozambique,United States of America,6
Mozambique,Zimbabwe,53
Myanmar,Australia,213
Myanmar,Bangladesh,5
Myanmar,France,23
Myanmar,Germany,267
Myanmar,Greece,25
Myanmar,India,807
Myanmar,Indonesia,405
Myanmar,Ireland,5
Myanmar,Malaysia,5264
Myanmar,Nepal,17
Myanmar,Netherlands,26
Myanmar,Norway,11
Myanmar,Rep. of Korea,37
Myanmar,Sweden,6
Myanmar,Switzerland,9
Myanmar,United Kingdom of Great Britain and Northern Ireland,22
Myanmar,United States of America,1008
Namibia,Belgium,5
Namibia,Botswana,5
Namibia,Germany,19
Namibia,Netherlands,5
Namibia,United Kingdom of Great Britain and Northern Ireland,367
Namibia,United States of America,7
Nauru,Australia,8
Nepal,Australia,297
Nepal,Brazil,12
Nepal,Bulgaria,5
Nepal,Canada,10
Nepal,Croatia,6
Nepal,Cyprus,331
Nepal,Denmark,5
Nepal,France,136
Nepal,Germany,5
Nepal,Greece,126
Nepal,Ireland,10
Nepal,Israel,31
Nepal,Italy,21
Nepal,Mexico,7
Nepal,Poland,5
Nepal,Portugal,5
Nepal,Rep. of Korea,260
Nepal,Romania,5
Nepal,Slovenia,9
Nepal,South Africa,12
Nepal,Spain,5
Nepal,Sweden,23
Nepal,Switzerland,5
Nepal,United Kingdom of Great Britain and Northern Ireland,115
Nepal,United States of America,733
Netherlands,Canada,5
Netherlands,Germany,8
Netherlands,Sweden,5
Netherlands,United States of America,16
New Zealand,Australia,13
Nicaragua,Belgium,5
Nicaragua,Belize,7
Nicaragua,Brazil,5
Nicaragua,Canada,133
Nicaragua,Costa Rica,9984
Nicaragua,Denmark,5
Nicaragua,El Salvador,5
Nicaragua,Finland,16
Nicaragua,France,8
Nicaragua,Germany,52
Nicaragua,Guatemala,67
Nicaragua,Honduras,53
Nicaragua,Ireland,5
Nicaragua,Italy,11
Nicaragua,Mexico,802
Nicaragua,Netherlands,5
Nicaragua,Norway,14
Nicaragua,Panama,287
Nicaragua,Peru,5
Nicaragua,Spain,3750
Nicaragua,Sweden,366
Nicaragua,Switzerland,5
Nicaragua,United Kingdom of Great Britain and Northern Ireland,45
Nicaragua,United States of America,3894
Niger,Algeria,44
Niger,Belgium,62
Niger,Cameroon,176
Niger,France,123
Niger,Germany,55
Niger,Greece,22
Niger,Italy,41
Niger,Libya,6
Niger,Luxembourg,5
Niger,Malta,10
Niger,Mauritania,5
Niger,Morocco,5
Niger,Netherlands,32
Niger,Nigeria,1430
Niger,Russian Federation,7
Niger,Spain,5
Niger,Switzerland,27
Niger,Tunisia,5
Niger,Ukraine,5
Niger,United Kingdom of Great Britain and Northern Ireland,6
Niger,United States of America,53
Nigeria,Algeria,81
Nigeria,Australia,249
Nigeria,Austria,193
Nigeria,Belgium,140
Nigeria,Benin,5
Nigeria,Brazil,152
Nigeria,Bulgaria,5
Nigeria,Canada,2304
Nigeria,Chad,26
Nigeria,China,15
Nigeria,Cote d'Ivoire,5
Nigeria,Croatia,5
Nigeria,Cyprus,370
Nigeria,Czechia,12
Nigeria,Denmark,20
Nigeria,Egypt,65
Nigeria,Estonia,5
Nigeria,Finland,74
Nigeria,France,6747
Nigeria,Georgia,24
Nigeria,Germany,4223
Nigeria,Greece,204
Nigeria,Guinea,7
Nigeria,Iceland,98
Nigeria,India,201
Nigeria,Ireland,299
Nigeria,Israel,35
Nigeria,Italy,3151
Nigeria,Lebanon,36
Nigeria,Lesotho,5
Nigeria,Libya,38
Nigeria,Luxembourg,15
Nigeria,Malaysia,6
Nigeria,Malta,215
Nigeria,Mauritania,41
Nigeria,Mexico,9
Nigeria,Morocco,171
Nigeria,Netherlands,729
Nigeria,Niger,13
Nigeria,Norway,17
Nigeria,Peru,10
Nigeria,Philippines,5
Nigeria,Poland,17
Nigeria,Portugal,42
Nigeria,Rep. of Korea,147
Nigeria,Romania,11
Nigeria,Russian Federation,13
Nigeria,Senegal,5
Nigeria,South Africa,263
Nigeria,Spain,278
Nigeria,Sri Lanka,5
Nigeria,Sweden,592
Nigeria,Switzerland,145
Nigeria,Thailand,5
Nigeria,Trinidad and Tobago,12
Nigeria,Tunisia,20
Nigeria,Ukraine,78
Nigeria,United Kingdom of Great Britain and Northern Ireland,1238
Nigeria,United States of America,3711
Nigeria,Uruguay,12
North Macedonia,Australia,29
North Macedonia,Austria,13
North Macedonia,Belgium,89
North Macedonia,Denmark,5
North Macedonia,France,426
North Macedonia,Germany,823
North Macedonia,Iceland,10
North Macedonia,Israel,31
North Macedonia,Italy,9
North Macedonia,Netherlands,62
North Macedonia,Serbia and Kosovo: S/RES/1244 (1999),5
North Macedonia,Sweden,116
North Macedonia,Switzerland,30
North Macedonia,United Kingdom of Great Britain and Northern Ireland,5
North Macedonia,United States of America,40
Norway,Canada,5
Norway,Germany,9
Oman,United Kingdom of Great Britain and Northern Ireland,15
Oman,United States of America,13
Pakistan,Afghanistan,5
Pakistan,Australia,947
Pakistan,Austria,187
Pakistan,Azerbaijan,32
Pakistan,Belarus,5
Pakistan,Belgium,167
Pakistan,Bosnia and Herzegovina,22
Pakistan,Brazil,35
Pakistan,Bulgaria,85
Pakistan,Canada,963
Pakistan,China,5
Pakistan,Colombia,5
Pakistan,Croatia,34
Pakistan,Cyprus,492
Pakistan,Denmark,41
Pakistan,Finland,22
Pakistan,France,5147
Pakistan,Georgia,28
Pakistan,Germany,1755
Pakistan,Greece,6877
Pakistan,Hungary,24
Pakistan,Iceland,23
Pakistan,Ireland,181
Pakistan,Italy,5457
Pakistan,Latvia,5
Pakistan,Lebanon,6
Pakistan,Luxembourg,7
Pakistan,Madagascar,61
Pakistan,Malaysia,295
Pakistan,Malta,6
Pakistan,Mexico,6
Pakistan,Montenegro,23
Pakistan,Morocco,5
Pakistan,Nepal,8
Pakistan,Netherlands,297
Pakistan,North Macedonia,33
Pakistan,Norway,47
Pakistan,Philippines,15
Pakistan,Poland,20
Pakistan,Portugal,23
Pakistan,Rep. of Korea,303
Pakistan,Romania,204
Pakistan,Russian Federation,10
Pakistan,Senegal,10
Pakistan,Slovakia,5
Pakistan,Slovenia,501
Pakistan,South Africa,115
Pakistan,Spain,822
Pakistan,Sri Lanka,62
Pakistan,Sweden,519
Pakistan,Switzerland,66
Pakistan,Thailand,91
Pakistan,Uganda,14
Pakistan,Ukraine,5
Pakistan,United Kingdom of Great Britain and Northern Ireland,1848
Pakistan,United States of America,993
Palestinian,Albania,5
Palestinian,Algeria,13
Palestinian,Argentina,5
Palestinian,Australia,93
Palestinian,Belgium,788
Palestinian,Bolivia (Plurinational State of),5
Palestinian,Bosnia and Herzegovina,5
Palestinian,Brazil,16
Palestinian,Canada,193
Palestinian,Cyprus,22
Palestinian,France,214
Palestinian,Georgia,8
Palestinian,Germany,308
Palestinian,Ghana,5
Palestinian,Greece,1299
Palestinian,Iceland,150
Palestinian,Indonesia,22
Palestinian,Iraq,85
Palestinian,Ireland,13
Palestinian,Italy,41
Palestinian,Lebanon,14
Palestinian,Libya,219
Palestinian,Luxembourg,21
Palestinian,Malaysia,16
Palestinian,Mauritania,24
Palestinian,Montenegro,11
Palestinian,Morocco,138
Palestinian,Netherlands,17
Palestinian,New Zealand,5
Palestinian,Nigeria,13
Palestinian,Philippines,5
Palestinian,Portugal,5
Palestinian,Romania,61
Palestinian,Saudi Arabia,13
Palestinian,Serbia and Kosovo: S/RES/1244 (1999),121
Palestinian,Slovenia,10
Palestinian,Spain,171
Palestinian,Sweden,910
Palestinian,Thailand,5
Palestinian,Tunisia,7
Palestinian,United Kingdom of Great Britain and Northern Ireland,286
Palestinian,United States of America,16
Panama,Costa Rica,5
Panama,Mexico,66
Panama,Spain,48
Panama,United States of America,31
Papua New Guinea,Australia,218
Paraguay,Argentina,12
Paraguay,Brazil,36
Paraguay,Greece,5
Paraguay,Spain,367
Paraguay,United States of America,23
Peru,Argentina,13
Peru,Australia,9
Peru,Belgium,32
Peru,Bolivia (Plurinational State of),21
Peru,Brazil,79
Peru,Canada,62
Peru,Costa Rica,7
Peru,Denmark,5
Peru,Ecuador,16
Peru,France,110
Peru,Germany,16
Peru,Greece,5
Peru,Israel,8
Peru,Italy,735
Peru,Malta,5
Peru,Mexico,51
Peru,Netherlands,7
Peru,Norway,12
Peru,Paraguay,5
Peru,Rep. of Korea,5
Peru,Spain,5162
Peru,Sweden,223
Peru,Trinidad and Tobago,5
Peru,United Kingdom of Great Britain and Northern Ireland,7
Peru,United States of America,618
Peru,Uruguay,5
Philippines,Australia,574
Philippines,Austria,9
Philippines,Belgium,5
Philippines,Brazil,26
Philippines,Canada,65
Philippines,Cyprus,40
Philippines,France,10
Philippines,Georgia,5
Philippines,Germany,7
Philippines,Greece,10
Philippines,Ireland,5
Philippines,Italy,38
Philippines,Lebanon,22
Philippines,Netherlands,8
Philippines,New Zealand,11
Philippines,Rep. of Korea,154
Philippines,Russian Federation,5
Philippines,Spain,5
Philippines,Sweden,29
Philippines,United Kingdom of Great Britain and Northern Ireland,231
Philippines,United States of America,171
Poland,Australia,15
Poland,Germany,6
Poland,Norway,5
Poland,United Kingdom of Great Britain and Northern Ireland,5
Poland,United States of America,134
Portugal,Australia,9
Portugal,Brazil,12
Portugal,Mexico,5
Portugal,New Zealand,5
Portugal,United States of America,44
Qatar,United Kingdom of Great Britain and Northern Ireland,9
Rep. of Korea,Australia,75
Rep. of Korea,Brazil,25
Rep. of Korea,Germany,7
Rep. of Korea,Sweden,5
Rep. of Korea,Switzerland,5
Rep. of Korea,United States of America,62
Rep. of Moldova,Austria,18
Rep. of Moldova,Belarus,5
Rep. of Moldova,Belgium,171
Rep. of Moldova,Cyprus,5
Rep. of Moldova,Czechia,51
Rep. of Moldova,France,1888
Rep. of Moldova,Germany,2248
Rep. of Moldova,Greece,36
Rep. of Moldova,Iceland,7
Rep. of Moldova,Israel,75
Rep. of Moldova,Italy,56
Rep. of Moldova,Luxembourg,5
Rep. of Moldova,Netherlands,32
Rep. of Moldova,Poland,5
Rep. of Moldova,Romania,5
Rep. of Moldova,Russian Federation,8
Rep. of Moldova,Spain,31
Rep. of Moldova,Sweden,16
Rep. of Moldova,Switzerland,36
Rep. of Moldova,Ukraine,5
Rep. of Moldova,United States of America,236
Romania,Australia,5
Romania,Austria,5
Romania,Belgium,5
Romania,Canada,116
Romania,Denmark,5
Romania,Germany,5
Romania,Iceland,10
Romania,Israel,6
Romania,Mexico,5
Romania,Rep. of Moldova,5
Romania,Sweden,5
Romania,Switzerland,5
Romania,United Kingdom of Great Britain and Northern Ireland,7
Romania,United States of America,446
Russian Federation,Argentina,8
Russian Federation,Armenia,5
Russian Federation,Australia,35
Russian Federation,Austria,493
Russian Federation,Belarus,28
Russian Federation,Belgium,328
Russian Federation,Bosnia and Herzegovina,5
Russian Federation,Brazil,5
Russian Federation,Bulgaria,6
Russian Federation,Canada,5
Russian Federation,Croatia,5
Russian Federation,Cyprus,9
Russian Federation,Czechia,38
Russian Federation,Denmark,38
Russian Federation,Estonia,14
Russian Federation,Finland,224
Russian Federation,France,3426
Russian Federation,Georgia,64
Russian Federation,Germany,2729
Russian Federation,Greece,33
Russian Federation,Hungary,5
Russian Federation,Iceland,12
Russian Federation,Ireland,6
Russian Federation,Israel,325
Russian Federation,Italy,52
Russian Federation,Latvia,12
Russian Federation,Lithuania,88
Russian Federation,Luxembourg,7
Russian Federation,Malta,5
Russian Federation,Mexico,5
Russian Federation,Montenegro,9
Russian Federation,Netherlands,198
Russian Federation,New Zealand,11
Russian Federation,Norway,82
Russian Federation,Poland,1685
Russian Federation,Rep. of Korea,1064
Russian Federation,Serbia and Kosovo: S/RES/1244 (1999),5
Russian Federation,Slovenia,7
Russian Federation,Spain,457
Russian Federation,Sweden,474
Russian Federation,Switzerland,68
Russian Federation,Ukraine,87
Russian Federation,United Kingdom of Great Britain and Northern Ireland,384
Russian Federation,United States of America,3379
Rwanda,Australia,8
Rwanda,Belgium,199
Rwanda,Benin,5
Rwanda,Cameroon,16
Rwanda,Canada,199
Rwanda,Congo,72
Rwanda,Cyprus,5
Rwanda,Denmark,5
Rwanda,Ecuador,5
Rwanda,Finland,11
Rwanda,France,351
Rwanda,Germany,117
Rwanda,Ghana,5
Rwanda,Greece,5
Rwanda,Kenya,120
Rwanda,Malawi,526
Rwanda,Mozambique,164
Rwanda,Netherlands,5
Rwanda,Norway,5
Rwanda,Rep. of Korea,8
Rwanda,Romania,5
Rwanda,South Africa,27
Rwanda,Sweden,70
Rwanda,Togo,7
Rwanda,Uganda,578
Rwanda,United Kingdom of Great Britain and Northern Ireland,22
Rwanda,United Rep. of Tanzania,5
Rwanda,United States of America,346
Rwanda,Zambia,7
Rwanda,Zimbabwe,22
Saint Kitts and Nevis,United Kingdom of Great Britain and Northern Ireland,5
Saint Lucia,Canada,7
Saint Lucia,United Kingdom of Great Britain and Northern Ireland,26
Saint Vincent and the Grenadines,Canada,12
Saint Vincent and the Grenadines,United Kingdom of Great Britain and Northern Ireland,14
Samoa,Australia,49
Samoa,New Zealand,5
Saudi Arabia,Australia,30
Saudi Arabia,Brazil,5
Saudi Arabia,Canada,40
Saudi Arabia,France,17
Saudi Arabia,Germany,13
Saudi Arabia,Netherlands,9
Saudi Arabia,United Kingdom of Great Britain and Northern Ireland,69
Saudi Arabia,United States of America,120
Senegal,Argentina,46
Senegal,Austria,8
Senegal,Belgium,119
Senegal,Brazil,121
Senegal,Cameroon,5
Senegal,Canada,79
Senegal,Cyprus,5
Senegal,Denmark,5
Senegal,France,2684
Senegal,Germany,187
Senegal,Greece,98
Senegal,Iceland,5
Senegal,India,11
Senegal,Italy,679
Senegal,Luxembourg,10
Senegal,Malta,41
Senegal,Mauritania,73
Senegal,Mexico,13
Senegal,Morocco,294
Senegal,Netherlands,51
Senegal,Norway,5
Senegal,Portugal,79
Senegal,Rep. of Korea,16
Senegal,Romania,5
Senegal,South Africa,28
Senegal,Spain,727
Senegal,Sweden,46
Senegal,Switzerland,16
Senegal,Tunisia,13
Senegal,Ukraine,5
Senegal,United Kingdom of Great Britain and Northern Ireland,40
Senegal,United States of America,125
Senegal,Uruguay,18
Serbia and Kosovo: S/RES/1244 (1999),Australia,6
Serbia and Kosovo: S/RES/1244 (1999),Austria,89
Serbia and Kosovo: S/RES/1244 (1999),Belgium,204
Serbia and Kosovo: S/RES/1244 (1999),Croatia,10
Serbia and Kosovo: S/RES/1244 (1999),Czechia,10
Serbia and Kosovo: S/RES/1244 (1999),Denmark,12
Serbia and Kosovo: S/RES/1244 (1999),Finland,5
Serbia and Kosovo: S/RES/1244 (1999),France,3276
Serbia and Kosovo: S/RES/1244 (1999),Germany,1852
Serbia and Kosovo: S/RES/1244 (1999),Greece,5
Serbia and Kosovo: S/RES/1244 (1999),Ireland,13
Serbia and Kosovo: S/RES/1244 (1999),Israel,38
Serbia and Kosovo: S/RES/1244 (1999),Italy,168
Serbia and Kosovo: S/RES/1244 (1999),Liechtenstein,5
Serbia and Kosovo: S/RES/1244 (1999),Luxembourg,5
Serbia and Kosovo: S/RES/1244 (1999),Netherlands,160
Serbia and Kosovo: S/RES/1244 (1999),Norway,28
Serbia and Kosovo: S/RES/1244 (1999),Slovenia,24
Serbia and Kosovo: S/RES/1244 (1999),Spain,9
Serbia and Kosovo: S/RES/1244 (1999),Sweden,446
Serbia and Kosovo: S/RES/1244 (1999),Switzerland,135
Serbia and Kosovo: S/RES/1244 (1999),United Kingdom of Great Britain and Northern Ireland,16
Serbia and Kosovo: S/RES/1244 (1999),United States of America,265
Sierra Leone,Algeria,15
Sierra Leone,Australia,5
Sierra Leone,Belgium,23
Sierra Leone,Brazil,5
Sierra Leone,China,5
Sierra Leone,Croatia,5
Sierra Leone,Cyprus,123
Sierra Leone,Finland,5
Sierra Leone,France,372
Sierra Leone,Germany,226
Sierra Leone,Ghana,5
Sierra Leone,Greece,130
Sierra Leone,Guinea,2065
Sierra Leone,India,5
Sierra Leone,Ireland,22
Sierra Leone,Italy,70
Sierra Leone,Malaysia,5
Sierra Leone,Malta,27
Sierra Leone,Mauritania,22
Sierra Leone,Mexico,7
Sierra Leone,Morocco,42
Sierra Leone,Netherlands,75
Sierra Leone,Portugal,21
Sierra Leone,Rep. of Korea,6
Sierra Leone,Spain,24
Sierra Leone,Sweden,22
Sierra Leone,Switzerland,6
Sierra Leone,Tunisia,37
Sierra Leone,Ukraine,5
Sierra Leone,United Kingdom of Great Britain and Northern Ireland,181
Sierra Leone,United States of America,95
Singapore,Australia,19
Singapore,United Kingdom of Great Britain and Northern Ireland,8
Slovakia,Switzerland,5
Slovakia,United Kingdom of Great Britain and Northern Ireland,6
Slovakia,United States of America,5
Solomon Islands,Australia,87
Somalia,Australia,52
Somalia,Austria,705
Somalia,Bangladesh,8
Somalia,Belgium,747
Somalia,Brazil,6
Somalia,Bulgaria,5
Somalia,Canada,36
Somalia,China,11
Somalia,Cyprus,113
Somalia,Dem. Rep. of the Congo,5
Somalia,Denmark,129
Somalia,Djibouti,12
Somalia,Egypt,421
Somalia,Eswatini,64
Somalia,Ethiopia,5
Somalia,Finland,465
Somalia,France,3644
Somalia,Germany,3049
Somalia,Ghana,5
Somalia,Greece,1620
Somalia,Iceland,62
Somalia,India,47
Somalia,Indonesia,17
Somalia,Ireland,172
Somalia,Italy,760
Somalia,Kenya,1002
Somalia,Kuwait,5
Somalia,Lesotho,7
Somalia,Libya,480
Somalia,Liechtenstein,5
Somalia,Luxembourg,13
Somalia,Malawi,7
Somalia,Malaysia,164
Somalia,Malta,147
Somalia,Mexico,14
Somalia,Morocco,15
Somalia,Mozambique,402
Somalia,Netherlands,237
Somalia,Niger,31
Somalia,Norway,60
Somalia,Pakistan,5
Somalia,Philippines,14
Somalia,Poland,6
Somalia,Romania,110
Somalia,Rwanda,12
Somalia,Saudi Arabia,13
Somalia,Serbia and Kosovo: S/RES/1244 (1999),5
Somalia,South Africa,207
Somalia,Spain,53
Somalia,Sudan,52
Somalia,Sweden,863
Somalia,Switzerland,288
Somalia,Syrian Arab Rep.,14
Somalia,Thailand,10
Somalia,Tunisia,23
Somalia,Uganda,6658
Somalia,Ukraine,47
Somalia,United Kingdom of Great Britain and Northern Ireland,348
Somalia,United States of America,75
Somalia,Zambia,179
South Africa,Australia,143
South Africa,Brazil,23
South Africa,Canada,74
South Africa,Ecuador,5
South Africa,France,64
South Africa,Georgia,7
South Africa,Germany,15
South Africa,Ireland,212
South Africa,Israel,31
South Africa,Netherlands,5
South Africa,New Zealand,8
South Africa,Rep. of Korea,22
South Africa,Sweden,26
South Africa,United Kingdom of Great Britain and Northern Ireland,90
South Africa,United States of America,224
South Sudan,Australia,22
South Sudan,Belgium,5
South Sudan,Burundi,7
South Sudan,Central African Rep.,5
South Sudan,Egypt,941
South Sudan,Ethiopia,44
South Sudan,France,9
South Sudan,Germany,21
South Sudan,Greece,14
South Sudan,India,11
South Sudan,Italy,7
South Sudan,Liberia,5
South Sudan,Libya,77
South Sudan,Malaysia,5
South Sudan,Malta,45
South Sudan,Morocco,377
South Sudan,Netherlands,8
South Sudan,Tunisia,5
South Sudan,Uganda,1679
South Sudan,United Kingdom of Great Britain and Northern Ireland,47
South Sudan,United States of America,33
South Sudan,Zambia,10
Spain,Belgium,5
Spain,Brazil,8
Spain,Finland,5
Spain,Germany,6
Spain,Mexico,7
Spain,Peru,6
Spain,Sweden,5
Spain,United States of America,68
Sri Lanka,Australia,923
Sri Lanka,Austria,23
Sri Lanka,Belgium,63
Sri Lanka,Brazil,15
Sri Lanka,Canada,322
Sri Lanka,Cyprus,112
Sri Lanka,Denmark,12
Sri Lanka,Ecuador,5
Sri Lanka,Finland,15
Sri Lanka,France,2758
Sri Lanka,Georgia,5
Sri Lanka,Germany,213
Sri Lanka,Greece,79
Sri Lanka,Indonesia,38
Sri Lanka,Israel,134
Sri Lanka,Italy,82
Sri Lanka,Lebanon,10
Sri Lanka,Lithuania,5
Sri Lanka,Luxembourg,5
Sri Lanka,Malaysia,58
Sri Lanka,Netherlands,42
Sri Lanka,New Zealand,25
Sri Lanka,Norway,17
Sri Lanka,Poland,14
Sri Lanka,Rep. of Korea,105
Sri Lanka,Romania,75
Sri Lanka,Slovakia,11
Sri Lanka,Slovenia,15
Sri Lanka,Spain,5
Sri Lanka,Sweden,74
Sri Lanka,Switzerland,468
Sri Lanka,Thailand,7
Sri Lanka,Turks and Caicos Islands,16
Sri Lanka,Ukraine,10
Sri Lanka,United Kingdom of Great Britain and Northern Ireland,554
Sri Lanka,United States of America,373
Stateless,Australia,429
Stateless,Belgium,5
Stateless,Bulgaria,24
Stateless,Canada,34
Stateless,Croatia,5
Stateless,Czechia,11
Stateless,Denmark,169
Stateless,Finland,22
Stateless,France,297
Stateless,Germany,358
Stateless,Greece,126
Stateless,Iceland,8
Stateless,Netherlands,66
Stateless,Norway,145
Stateless,Poland,15
Stateless,Romania,33
Stateless,Russian Federation,28
Stateless,Spain,7
Stateless,Sweden,818
Stateless,Switzerland,5
Stateless,Ukraine,17
Stateless,United Kingdom of Great Britain and Northern Ireland,1215
Sudan,Algeria,12
Sudan,Australia,95
Sudan,Austria,12
Sudan,Belgium,66
Sudan,Benin,7
Sudan,Brazil,15
Sudan,Cameroon,5
Sudan,Canada,172
Sudan,Chad,82
Sudan,Denmark,12
Sudan,Egypt,4537
Sudan,Ethiopia,52
Sudan,Finland,8
Sudan,France,2161
Sudan,Germany,325
Sudan,Ghana,5
Sudan,Greece,70
Sudan,India,26
Sudan,Indonesia,7
Sudan,Iraq,28
Sudan,Ireland,15
Sudan,Israel,13
Sudan,Italy,303
Sudan,Jordan,28
Sudan,Kenya,256
Sudan,Lebanon,528
Sudan,Libya,3985
Sudan,Luxembourg,21
Sudan,Malaysia,11
Sudan,Malta,444
Sudan,Mauritania,5
Sudan,Mexico,6
Sudan,Morocco,36
Sudan,Netherlands,166
Sudan,New Zealand,5
Sudan,Niger,411
Sudan,Nigeria,5
Sudan,Norway,24
Sudan,Philippines,7
Sudan,Portugal,7
Sudan,Rep. of Korea,15
Sudan,Romania,6
Sudan,Russian Federation,16
Sudan,Rwanda,92
Sudan,Slovenia,11
Sudan,Spain,20
Sudan,Sweden,184
Sudan,Switzerland,44
Sudan,Syrian Arab Rep.,6
Sudan,Tunisia,30
Sudan,Uganda,150
Sudan,Ukraine,6
Sudan,United Kingdom of Great Britain and Northern Ireland,2204
Sudan,United Rep. of Tanzania,8
Sudan,United States of America,161
Suriname,Belgium,44
Suriname,Brazil,5
Suriname,France,29
Suriname,Netherlands,17
Suriname,United States of America,5
Syrian Arab Rep.,Albania,7
Syrian Arab Rep.,Algeria,336
Syrian Arab Rep.,Angola,5
Syrian Arab Rep.,Argentina,17
Syrian Arab Rep.,Armenia,24
Syrian Arab Rep.,Australia,47
Syrian Arab Rep.,Austria,5121
Syrian Arab Rep.,Azerbaijan,13
Syrian Arab Rep.,Belarus,17
Syrian Arab Rep.,Belgium,1725
Syrian Arab Rep.,Bosnia and Herzegovina,10
Syrian Arab Rep.,Brazil,33
Syrian Arab Rep.,Bulgaria,1089
Syrian Arab Rep.,Canada,65
Syrian Arab Rep.,Cote d'Ivoire,8
Syrian Arab Rep.,Croatia,68
Syrian Arab Rep.,Cyprus,1811
Syrian Arab Rep.,Czechia,22
Syrian Arab Rep.,Denmark,379
Syrian Arab Rep.,Ecuador,9
Syrian Arab Rep.,Estonia,6
Syrian Arab Rep.,Ethiopia,19
Syrian Arab Rep.,Finland,83
Syrian Arab Rep.,France,2899
Syrian Arab Rep.,Georgia,20
Syrian Arab Rep.,Germany,40570
Syrian Arab Rep.,Ghana,17
Syrian Arab Rep.,Greece,9724
Syrian Arab Rep.,Guinea,17
Syrian Arab Rep.,Hungary,9
Syrian Arab Rep.,Iceland,70
Syrian Arab Rep.,India,33
Syrian Arab Rep.,Indonesia,5
Syrian Arab Rep.,Ireland,51
Syrian Arab Rep.,Italy,62
Syrian Arab Rep.,Kuwait,22
Syrian Arab Rep.,Kyrgyzstan,8
Syrian Arab Rep.,Latvia,12
Syrian Arab Rep.,Liberia,15
Syrian Arab Rep.,Libya,2245
Syrian Arab Rep.,Lithuania,9
Syrian Arab Rep.,Luxembourg,305
Syrian Arab Rep.,Malaysia,102
Syrian Arab Rep.,Mali,21
Syrian Arab Rep.,Malta,133
Syrian Arab Rep.,Mauritania,50
Syrian Arab Rep.,Mexico,7
Syrian Arab Rep.,Montenegro,10
Syrian Arab Rep.,Netherlands,4154
Syrian Arab Rep.,Niger,5
Syrian Arab Rep.,Nigeria,137
Syrian Arab Rep.,North Macedonia,23
Syrian Arab Rep.,Norway,572
Syrian Arab Rep.,Paraguay,6
Syrian Arab Rep.,Philippines,13
Syrian Arab Rep.,Poland,43
Syrian Arab Rep.,Portugal,5
Syrian Arab Rep.,Rep. of Korea,19
Syrian Arab Rep.,Rep. of Moldova,5
Syrian Arab Rep.,Romania,1464
Syrian Arab Rep.,Russian Federation,218
Syrian Arab Rep.,Saudi Arabia,877
Syrian Arab Rep.,Serbia and Kosovo: S/RES/1244 (1999),670
Syrian Arab Rep.,Slovakia,43
Syrian Arab Rep.,Slovenia,61
Syrian Arab Rep.,Somalia,12
Syrian Arab Rep.,Spain,400
Syrian Arab Rep.,Sweden,1856
Syrian Arab Rep.,Switzerland,904
Syrian Arab Rep.,Thailand,11
Syrian Arab Rep.,Togo,6
Syrian Arab Rep.,Trinidad and Tobago,8
Syrian Arab Rep.,Uganda,8
Syrian Arab Rep.,Ukraine,102
Syrian Arab Rep.,United Arab Emirates,74
Syrian Arab Rep.,United Kingdom of Great Britain and Northern Ireland,1791
Syrian Arab Rep.,United Rep. of Tanzania,5
Syrian Arab Rep.,United States of America,265
Syrian Arab Rep.,Uruguay,5
Syrian Arab Rep.,Venezuela (Bolivarian Republic of),29
Syrian Arab Rep.,Yemen,12
Syrian Arab Rep.,Zambia,5
Tajikistan,Austria,25
Tajikistan,Croatia,5
Tajikistan,Czechia,5
Tajikistan,Estonia,5
Tajikistan,France,70
Tajikistan,Georgia,5
Tajikistan,Germany,506
Tajikistan,Iceland,5
Tajikistan,Lithuania,62
Tajikistan,Mexico,6
Tajikistan,Netherlands,19
Tajikistan,Poland,107
Tajikistan,Rep. of Korea,6
Tajikistan,Rep. of Moldova,10
Tajikistan,Romania,5
Tajikistan,Russian Federation,39
Tajikistan,Spain,5
Tajikistan,Sweden,145
Tajikistan,Switzerland,5
Tajikistan,Ukraine,75
Tajikistan,United Kingdom of Great Britain and Northern Ireland,5
Tajikistan,United States of America,104
Thailand,Australia,1448
Thailand,Brazil,6
Thailand,Denmark,6
Thailand,France,12
Thailand,Germany,16
Thailand,Israel,5
Thailand,Rep. of Korea,117
Thailand,South Africa,17
Thailand,Sweden,30
Thailand,United Kingdom of Great Britain and Northern Ireland,50
Thailand,United States of America,71
Timor-Leste,Australia,318
Togo,Algeria,8
Togo,Belgium,68
Togo,Brazil,28
Togo,Cameroon,7
Togo,Costa Rica,5
Togo,Cyprus,7
Togo,France,221
Togo,Germany,158
Togo,Ghana,8
Togo,Greece,91
Togo,Ireland,19
Togo,Italy,67
Togo,Lebanon,5
Togo,Mauritania,85
Togo,Mexico,18
Togo,Morocco,6
Togo,Netherlands,5
Togo,Niger,13
Togo,Nigeria,5
Togo,Portugal,7
Togo,Rep. of Korea,5
Togo,Slovenia,5
Togo,Spain,7
Togo,Sweden,5
Togo,Switzerland,13
Togo,Tunisia,5
Togo,United Kingdom of Great Britain and Northern Ireland,22
Togo,United States of America,128
Tonga,Australia,439
Trinidad and Tobago,Canada,5
Trinidad and Tobago,Germany,6
Trinidad and Tobago,Netherlands,5
Trinidad and Tobago,United Kingdom of Great Britain and Northern Ireland,51
Trinidad and Tobago,United States of America,47
Tunisia,Austria,161
Tunisia,Belgium,64
Tunisia,Bosnia and Herzegovina,5
Tunisia,Brazil,14
Tunisia,Bulgaria,16
Tunisia,Canada,5
Tunisia,Croatia,10
Tunisia,Czechia,10
Tunisia,Denmark,23
Tunisia,Finland,5
Tunisia,France,406
Tunisia,Germany,518
Tunisia,Greece,44
Tunisia,Iceland,6
Tunisia,Ireland,5
Tunisia,Italy,1021
Tunisia,Luxembourg,34
Tunisia,Malta,12
Tunisia,Montenegro,5
Tunisia,Netherlands,255
Tunisia,Poland,5
Tunisia,Rep. of Korea,25
Tunisia,Romania,97
Tunisia,Serbia and Kosovo: S/RES/1244 (1999),12
Tunisia,Slovakia,8
Tunisia,Slovenia,28
Tunisia,Spain,357
Tunisia,Sweden,113
Tunisia,Switzerland,158
Tunisia,United Kingdom of Great Britain and Northern Ireland,39
Tunisia,United States of America,49
Turkey,Algeria,11
Turkey,Armenia,6
Turkey,Australia,152
Turkey,Austria,313
Turkey,Belarus,12
Turkey,Belgium,671
Turkey,Bosnia and Herzegovina,39
Turkey,Brazil,27
Turkey,Bulgaria,11
Turkey,Burkina Faso,6
Turkey,Canada,317
Turkey,Colombia,5
Turkey,Croatia,89
Turkey,Cyprus,62
Turkey,Czechia,34
Turkey,Denmark,44
Turkey,Egypt,17
Turkey,Estonia,5
Turkey,Finland,152
Turkey,France,5203
Turkey,Georgia,94
Turkey,Germany,6562
Turkey,Ghana,6
Turkey,Greece,1621
Turkey,Iceland,6
Turkey,Indonesia,5
Turkey,Iraq,120
Turkey,Ireland,8
Turkey,Israel,89
Turkey,Italy,226
Turkey,Kenya,78
Turkey,Kyrgyzstan,262
Turkey,Latvia,5
Turkey,Liberia,15
Turkey,Lithuania,16
Turkey,Luxembourg,47
Turkey,Madagascar,5
Turkey,Mali,5
Turkey,Malta,5
Turkey,Mauritania,8
Turkey,Mexico,6
Turkey,Montenegro,8
Turkey,Morocco,13
Turkey,Netherlands,1010
Turkey,New Zealand,8
Turkey,North Macedonia,27
Turkey,Norway,111
Turkey,Peru,5
Turkey,Philippines,7
Turkey,Poland,85
Turkey,Portugal,6
Turkey,Rep. of Korea,171
Turkey,Rep. of Moldova,56
Turkey,Romania,371
Turkey,Serbia and Kosovo: S/RES/1244 (1999),33
Turkey,Slovakia,18
Turkey,Slovenia,62
Turkey,Spain,113
Turkey,Sweden,712
Turkey,Switzerland,1201
Turkey,Togo,18
Turkey,Uganda,16
Turkey,Ukraine,7
Turkey,United Kingdom of Great Britain and Northern Ireland,886
Turkey,United States of America,1318
Turkey,Zambia,27
Turkmenistan,Belarus,5
Turkmenistan,Bulgaria,5
Turkmenistan,Cyprus,5
Turkmenistan,France,5
Turkmenistan,Germany,18
Turkmenistan,India,5
Turkmenistan,Russian Federation,24
Turkmenistan,Sweden,15
Turkmenistan,United Kingdom of Great Britain and Northern Ireland,12
Turkmenistan,United States of America,83
Uganda,Australia,17
Uganda,Austria,8
Uganda,Belgium,13
Uganda,Canada,135
Uganda,China,83
Uganda,Dem. Rep. of the Congo,5
Uganda,Denmark,12
Uganda,Egypt,5
Uganda,Finland,5
Uganda,France,33
Uganda,Germany,74
Uganda,Greece,46
Uganda,India,5
Uganda,Indonesia,7
Uganda,Ireland,13
Uganda,Israel,30
Uganda,Italy,5
Uganda,Kenya,227
Uganda,Mexico,12
Uganda,Netherlands,106
Uganda,Rep. of Korea,23
Uganda,South Africa,100
Uganda,Spain,5
Uganda,Sweden,178
Uganda,Switzerland,11
Uganda,United Kingdom of Great Britain and Northern Ireland,156
Uganda,United States of America,708
Uganda,Zambia,79
Ukraine,Australia,21
Ukraine,Austria,95
Ukraine,Belarus,446
Ukraine,Belgium,86
Ukraine,Brazil,5
Ukraine,Bulgaria,5
Ukraine,Canada,11
Ukraine,Cyprus,18
Ukraine,Czechia,351
Ukraine,Denmark,29
Ukraine,Finland,45
Ukraine,France,2151
Ukraine,Georgia,12
Ukraine,Germany,653
Ukraine,Greece,67
Ukraine,Iceland,11
Ukraine,Israel,217
Ukraine,Italy,404
Ukraine,Liechtenstein,5
Ukraine,Luxembourg,15
Ukraine,Malta,24
Ukraine,Netherlands,51
Ukraine,Norway,26
Ukraine,Poland,394
Ukraine,Portugal,12
Ukraine,Rep. of Korea,12
Ukraine,Rep. of Moldova,10
Ukraine,Russian Federation,4726
Ukraine,Slovenia,5
Ukraine,Spain,1120
Ukraine,Sweden,1009
Ukraine,Switzerland,31
Ukraine,United Kingdom of Great Britain and Northern Ireland,157
Ukraine,United States of America,880
United Arab Emirates,Canada,12
United Arab Emirates,Ecuador,5
United Arab Emirates,Philippines,9
United Arab Emirates,United Kingdom of Great Britain and Northern Ireland,8
United Arab Emirates,United States of America,17
United Kingdom of Great Britain and Northern Ireland,Australia,40
United Kingdom of Great Britain and Northern Ireland,Brazil,5
United Kingdom of Great Britain and Northern Ireland,Canada,6
United Kingdom of Great Britain and Northern Ireland,Germany,5
United Kingdom of Great Britain and Northern Ireland,Norway,12
United Kingdom of Great Britain and Northern Ireland,Switzerland,5
United Kingdom of Great Britain and Northern Ireland,United States of America,16
United Rep. of Tanzania,Australia,5
United Rep. of Tanzania,Belgium,16
United Rep. of Tanzania,Brazil,5
United Rep. of Tanzania,Canada,28
United Rep. of Tanzania,Finland,5
United Rep. of Tanzania,France,5
United Rep. of Tanzania,Germany,56
United Rep. of Tanzania,Indonesia,5
United Rep. of Tanzania,Ireland,5
United Rep. of Tanzania,Italy,7
United Rep. of Tanzania,Kenya,21
United Rep. of Tanzania,Netherlands,17
United Rep. of Tanzania,Norway,5
United Rep. of Tanzania,Poland,5
United Rep. of Tanzania,South Africa,6
United Rep. of Tanzania,Sweden,91
United Rep. of Tanzania,United Kingdom of Great Britain and Northern Ireland,44
United Rep. of Tanzania,United States of America,66
United States of America,Australia,23
United States of America,Austria,5
United States of America,Belgium,7
United States of America,Brazil,5
United States of America,Canada,536
United States of America,Costa Rica,10
United States of America,Finland,5
United States of America,France,16
United States of America,Germany,18
United States of America,Iceland,7
United States of America,Ireland,12
United States of America,Italy,6
United States of America,Lithuania,5
United States of America,Mexico,37
United States of America,Netherlands,11
United States of America,New Zealand,5
United States of America,Portugal,5
United States of America,Rep. of Korea,5
United States of America,Russian Federation,5
United States of America,Spain,51
United States of America,Sweden,25
United States of America,Switzerland,5
United States of America,United Kingdom of Great Britain and Northern Ireland,66
Unknown ,Argentina,5
Unknown ,Australia,223
Unknown ,Austria,378
Unknown ,Belgium,258
Unknown ,Canada,5675
Unknown ,Chile,80
Unknown ,Colombia,16
Unknown ,Costa Rica,8440
Unknown ,Croatia,7
Unknown ,Cyprus,859
Unknown ,Czechia,751
Unknown ,Denmark,5
Unknown ,Finland,58
Unknown ,France,201
Unknown ,Georgia,26
Unknown ,Germany,4357
Unknown ,Hungary,16
Unknown ,Italy,46
Unknown ,Japan,6509
Unknown ,Lebanon,7
Unknown ,Netherlands,606
Unknown ,New Zealand,152
Unknown ,Peru,5
Unknown ,Poland,5
Unknown ,Portugal,7
Unknown ,Russian Federation,9
Unknown ,South Africa,7
Unknown ,Spain,15
Unknown ,Sweden,340
Unknown ,Switzerland,130
Unknown ,Turkey,1428
Unknown ,United Kingdom of Great Britain and Northern Ireland,74
Unknown ,United States of America,894
Uruguay,Brazil,5
Uruguay,Italy,11
Uruguay,Mexico,9
Uruguay,New Zealand,5
Uruguay,Spain,157
Uruguay,United States of America,29
Uzbekistan,Australia,21
Uzbekistan,Austria,32
Uzbekistan,Azerbaijan,5
Uzbekistan,Belarus,5
Uzbekistan,Cyprus,5
Uzbekistan,Czechia,63
Uzbekistan,Egypt,10
Uzbekistan,France,37
Uzbekistan,Germany,18
Uzbekistan,Greece,5
Uzbekistan,Israel,38
Uzbekistan,Latvia,5
Uzbekistan,Lithuania,5
Uzbekistan,Mexico,16
Uzbekistan,Netherlands,11
Uzbekistan,Norway,11
Uzbekistan,Poland,13
Uzbekistan,Rep. of Korea,168
Uzbekistan,Rep. of Moldova,14
Uzbekistan,Russian Federation,54
Uzbekistan,Spain,9
Uzbekistan,Sweden,1841
Uzbekistan,Ukraine,40
Uzbekistan,United Kingdom of Great Britain and Northern Ireland,16
Uzbekistan,United States of America,489
Vanuatu,Australia,71
Vanuatu,Brazil,7
Venezuela (Bolivarian Republic of),Argentina,1159
Venezuela (Bolivarian Republic of),Australia,151
Venezuela (Bolivarian Republic of),Austria,34
Venezuela (Bolivarian Republic of),Belgium,193
Venezuela (Bolivarian Republic of),Bolivia (Plurinational State of),841
Venezuela (Bolivarian Republic of),Brazil,13011
Venezuela (Bolivarian Republic of),Bulgaria,5
Venezuela (Bolivarian Republic of),Canada,331
Venezuela (Bolivarian Republic of),Chile,394
Venezuela (Bolivarian Republic of),Colombia,11832
Venezuela (Bolivarian Republic of),Costa Rica,1009
Venezuela (Bolivarian Republic of),Czechia,6
Venezuela (Bolivarian Republic of),Denmark,13
Venezuela (Bolivarian Republic of),Dominican Rep.,47
Venezuela (Bolivarian Republic of),Ecuador,4275
Venezuela (Bolivarian Republic of),El Salvador,15
Venezuela (Bolivarian Republic of),Finland,5
Venezuela (Bolivarian Republic of),France,580
Venezuela (Bolivarian Republic of),Germany,574
Venezuela (Bolivarian Republic of),Greece,16
Venezuela (Bolivarian Republic of),Guatemala,38
Venezuela (Bolivarian Republic of),Iceland,109
Venezuela (Bolivarian Republic of),Indonesia,5
Venezuela (Bolivarian Republic of),Ireland,37
Venezuela (Bolivarian Republic of),Italy,829
Venezuela (Bolivarian Republic of),Lebanon,5
Venezuela (Bolivarian Republic of),Luxembourg,44
Venezuela (Bolivarian Republic of),Malta,38
Venezuela (Bolivarian Republic of),Mexico,3292
Venezuela (Bolivarian Republic of),Montenegro,5
Venezuela (Bolivarian Republic of),Netherlands,105
Venezuela (Bolivarian Republic of),Norway,28
Venezuela (Bolivarian Republic of),Panama,137
Venezuela (Bolivarian Republic of),Paraguay,1288
Venezuela (Bolivarian Republic of),Peru,51714
Venezuela (Bolivarian Republic of),Poland,14
Venezuela (Bolivarian Republic of),Portugal,14
Venezuela (Bolivarian Republic of),Rep. of Korea,8
Venezuela (Bolivarian Republic of),Romania,5
Venezuela (Bolivarian Republic of),Sint Maarten (Dutch part),8
Venezuela (Bolivarian Republic of),Spain,28365
Venezuela (Bolivarian Republic of),Suriname,76
Venezuela (Bolivarian Republic of),Sweden,214
Venezuela (Bolivarian Republic of),Switzerland,13
Venezuela (Bolivarian Republic of),Trinidad and Tobago,3244
Venezuela (Bolivarian Republic of),United Kingdom of Great Britain and Northern Ireland,19
Venezuela (Bolivarian Republic of),United States of America,28380
Venezuela (Bolivarian Republic of),Uruguay,398
Viet Nam,Australia,2304
Viet Nam,Belgium,20
Viet Nam,Canada,35
Viet Nam,Cyprus,153
Viet Nam,Czechia,65
Viet Nam,Denmark,9
Viet Nam,France,53
Viet Nam,Germany,1179
Viet Nam,Greece,5
Viet Nam,Ireland,18
Viet Nam,Israel,5
Viet Nam,Latvia,5
Viet Nam,Netherlands,18
Viet Nam,Norway,11
Viet Nam,Philippines,6
Viet Nam,Poland,12
Viet Nam,Rep. of Korea,56
Viet Nam,Romania,6
Viet Nam,Slovakia,5
Viet Nam,Spain,23
Viet Nam,Sweden,54
Viet Nam,Switzerland,5
Viet Nam,Thailand,251
Viet Nam,United Kingdom of Great Britain and Northern Ireland,1115
Viet Nam,United States of America,600
Western Sahara,Bulgaria,5
Western Sahara,France,483
Western Sahara,Italy,5
Western Sahara,Switzerland,7
Yemen,Algeria,11
Yemen,Australia,80
Yemen,Austria,57
Yemen,Belarus,10
Yemen,Belgium,119
Yemen,Bosnia and Herzegovina,14
Yemen,Brazil,32
Yemen,Bulgaria,10
Yemen,Canada,92
Yemen,Chad,5
Yemen,China,6
Yemen,Croatia,8
Yemen,Cyprus,12
Yemen,Czechia,5
Yemen,Denmark,5
Yemen,Ecuador,23
Yemen,Egypt,281
Yemen,Ethiopia,5
Yemen,Finland,21
Yemen,France,247
Yemen,Georgia,7
Yemen,Germany,480
Yemen,Ghana,7
Yemen,Greece,129
Yemen,Iceland,5
Yemen,India,68
Yemen,Indonesia,19
Yemen,Iraq,23
Yemen,Ireland,5
Yemen,Italy,9
Yemen,Kenya,12
Yemen,Lebanon,20
Yemen,Libya,40
Yemen,Luxembourg,10
Yemen,Malaysia,159
Yemen,Malta,5
Yemen,Mauritania,18
Yemen,Mexico,34
Yemen,Morocco,964
Yemen,Netherlands,438
Yemen,Nigeria,5
Yemen,Norway,8
Yemen,Pakistan,5
Yemen,Peru,9
Yemen,Philippines,27
Yemen,Poland,10
Yemen,Rep. of Korea,15
Yemen,Romania,18
Yemen,Russian Federation,62
Yemen,Saudi Arabia,112
Yemen,Serbia and Kosovo: S/RES/1244 (1999),8
Yemen,Slovenia,8
Yemen,Spain,136
Yemen,Sudan,7
Yemen,Sweden,174
Yemen,Switzerland,17
Yemen,Syrian Arab Rep.,17
Yemen,Thailand,5
Yemen,Tunisia,6
Yemen,Ukraine,15
Yemen,United Kingdom of Great Britain and Northern Ireland,616
Yemen,United Rep. of Tanzania,6
Yemen,United States of America,138
Zambia,Australia,5
Zambia,Belgium,5
Zambia,Burundi,5
Zambia,Netherlands,5
Zambia,South Africa,5
Zambia,Sweden,10
Zambia,Ukraine,5
Zambia,United Kingdom of Great Britain and Northern Ireland,18
Zambia,United States of America,35
Zimbabwe,Australia,92
Zimbabwe,Botswana,271
Zimbabwe,Brazil,5
Zimbabwe,Canada,106
Zimbabwe,China,50
Zimbabwe,Egypt,5
Zimbabwe,Eswatini,5
Zimbabwe,Germany,55
Zimbabwe,Ireland,245
Zimbabwe,Netherlands,17
Zimbabwe,Rep. of Korea,5
Zimbabwe,South Africa,241
Zimbabwe,Sweden,10
Zimbabwe,United Kingdom of Great Britain and Northern Ireland,169
Zimbabwe,United States of America,228
